#X,rev_axeAmortisseur_supportPrincipal->RZ_Acceleration(rel)
#Time(sec),Angular Acceleration(degrees/sec^2)_Real
0.000000E+00,-0.053945
1.000000E-02,-0.055083
2.000000E-02,-0.056215
3.000000E-02,-0.057343
4.000000E-02,-0.058466
5.000000E-02,-0.059585
6.000000E-02,-0.060699
7.000000E-02,-0.061808
8.000000E-02,-0.062913
9.000000E-02,-0.064014
1.000000E-01,-0.065110
1.100000E-01,-0.066202
1.200000E-01,-0.067290
1.300000E-01,-0.068373
1.400000E-01,-0.069452
1.500000E-01,-0.070526
1.600000E-01,-0.071596
1.700000E-01,-0.072663
1.800000E-01,-0.073724
1.900000E-01,-0.074782
2.000000E-01,-0.075836
2.100000E-01,-0.076885
2.200000E-01,-0.077930
2.300000E-01,-0.078972
2.400000E-01,-0.080009
2.500000E-01,-0.081042
2.600000E-01,-0.082071
2.700000E-01,-0.083096
2.800000E-01,-0.084118
2.900000E-01,-0.085135
3.000000E-01,-0.086148
3.100000E-01,-0.087158
3.200000E-01,-0.088163
3.300000E-01,-0.089165
3.400000E-01,-0.090163
3.500000E-01,-0.091157
3.600000E-01,-0.092148
3.700000E-01,-0.093134
3.800000E-01,-0.094117
3.900000E-01,-0.095096
4.000000E-01,-0.096072
4.100000E-01,-0.097044
4.200000E-01,-0.098012
4.300000E-01,-0.098977
4.400000E-01,-0.099937
4.500000E-01,-0.100895
4.600000E-01,-0.101849
4.700000E-01,-0.102799
4.800000E-01,-0.103746
4.900000E-01,-0.104689
5.000000E-01,-0.105628
5.100000E-01,-0.106565
5.200000E-01,-0.107497
5.300000E-01,-0.108427
5.400000E-01,-0.109353
5.500000E-01,-0.110275
5.600000E-01,-0.111194
5.700000E-01,-0.112110
5.800000E-01,-0.113022
5.900000E-01,-0.113932
6.000000E-01,-0.114837
6.100000E-01,-0.115740
6.200000E-01,-0.116639
6.300000E-01,-0.117535
6.400000E-01,-0.118427
6.500000E-01,-0.119317
6.600000E-01,-0.120203
6.700000E-01,-0.121086
6.800000E-01,-0.121966
6.900000E-01,-0.122843
7.000000E-01,-0.123716
7.100000E-01,-0.124586
7.200000E-01,-0.125454
7.300000E-01,-0.126318
7.400000E-01,-0.127179
7.500000E-01,-0.128037
7.600000E-01,-0.128892
7.700000E-01,-0.129743
7.800000E-01,-0.130592
7.900000E-01,-0.131438
8.000000E-01,-0.132281
8.100000E-01,-0.133121
8.200000E-01,-0.133957
8.300000E-01,-0.134791
8.400000E-01,-0.135622
8.500000E-01,-0.136450
8.600000E-01,-0.137275
8.700000E-01,-0.138097
8.800000E-01,-0.138916
8.900000E-01,-0.139732
9.000000E-01,-0.140546
9.100000E-01,-0.141356
9.200000E-01,-0.142164
9.300000E-01,-0.142969
9.400000E-01,-0.143771
9.500000E-01,-0.144570
9.600000E-01,-0.145367
9.700000E-01,-0.146160
9.800000E-01,-0.146951
9.900000E-01,-0.147739
1.000000E+00,-0.148524
1.010000E+00,-0.149307
1.020000E+00,-0.150087
1.030000E+00,-0.150864
1.040000E+00,-0.151638
1.050000E+00,-0.152410
1.060000E+00,-0.153179
1.070000E+00,-0.153945
1.080000E+00,-0.154708
1.090000E+00,-0.155469
1.100000E+00,-0.156228
1.110000E+00,-0.156983
1.120000E+00,-0.157736
1.130000E+00,-0.158487
1.140000E+00,-0.159234
1.150000E+00,-0.159979
1.160000E+00,-0.160722
1.170000E+00,-0.161462
1.180000E+00,-0.162199
1.190000E+00,-0.162934
1.200000E+00,-0.163666
1.210000E+00,-0.164396
1.220000E+00,-0.165123
1.230000E+00,-0.165848
1.240000E+00,-0.166570
1.250000E+00,-0.167290
1.260000E+00,-0.168007
1.270000E+00,-0.168721
1.280000E+00,-0.169433
1.290000E+00,-0.170143
1.300000E+00,-0.170850
1.310000E+00,-0.171555
1.320000E+00,-0.172257
1.330000E+00,-0.172957
1.340000E+00,-0.173654
1.350000E+00,-0.174349
1.360000E+00,-0.175041
1.370000E+00,-0.175731
1.380000E+00,-0.176419
1.390000E+00,-0.177104
1.400000E+00,-0.177787
1.410000E+00,-0.178467
1.420000E+00,-0.179145
1.430000E+00,-0.179821
1.440000E+00,-0.180494
1.450000E+00,-0.181165
1.460000E+00,-0.181833
1.470000E+00,-0.182499
1.480000E+00,-0.183163
1.490000E+00,-0.183825
1.500000E+00,-0.184484
1.510000E+00,-0.185141
1.520000E+00,-0.185795
1.530000E+00,-0.186447
1.540000E+00,-0.187097
1.550000E+00,-0.187745
1.560000E+00,-0.188390
1.570000E+00,-0.189033
1.580000E+00,-0.189674
1.590000E+00,-0.190312
1.600000E+00,-0.190948
1.610000E+00,-0.191582
1.620000E+00,-0.192213
1.630000E+00,-0.192843
1.640000E+00,-0.193470
1.650000E+00,-0.194095
1.660000E+00,-0.194717
1.670000E+00,-0.195337
1.680000E+00,-0.195956
1.690000E+00,-0.196571
1.700000E+00,-0.197185
1.710000E+00,-0.197796
1.720000E+00,-0.198406
1.730000E+00,-0.199013
1.740000E+00,-0.199617
1.750000E+00,-0.200220
1.760000E+00,-0.200820
1.770000E+00,-0.201418
1.780000E+00,-0.202014
1.790000E+00,-0.202608
1.800000E+00,-0.203200
1.810000E+00,-0.203789
1.820000E+00,-0.204376
1.830000E+00,-0.204961
1.840000E+00,-0.205544
1.850000E+00,-0.206125
1.860000E+00,-0.206704
1.870000E+00,-0.207280
1.880000E+00,-0.207854
1.890000E+00,-0.208426
1.900000E+00,-0.208996
1.910000E+00,-0.209564
1.920000E+00,-0.210130
1.930000E+00,-0.210693
1.940000E+00,-0.211255
1.950000E+00,-0.211814
1.960000E+00,-0.212371
1.970000E+00,-0.212926
1.980000E+00,-0.213479
1.990000E+00,-0.214030
2.000000E+00,-0.214579
2.010000E+00,-0.215125
2.020000E+00,-0.215670
2.030000E+00,-0.216212
2.040000E+00,-0.216752
2.050000E+00,-0.217290
2.060000E+00,-0.217826
2.070000E+00,-0.218360
2.080000E+00,-0.218892
2.090000E+00,-0.219422
2.100000E+00,-0.219950
2.110000E+00,-0.220475
2.120000E+00,-0.220999
2.130000E+00,-0.221520
2.140000E+00,-0.222039
2.150000E+00,-0.222557
2.160000E+00,-0.223072
2.170000E+00,-0.223585
2.180000E+00,-0.224096
2.190000E+00,-0.224605
2.200000E+00,-0.225112
2.210000E+00,-0.225617
2.220000E+00,-0.226119
2.230000E+00,-0.226620
2.240000E+00,-0.227119
2.250000E+00,-0.227615
2.260000E+00,-0.228110
2.270000E+00,-0.228602
2.280000E+00,-0.229092
2.290000E+00,-0.229581
2.300000E+00,-0.230067
2.310000E+00,-0.230551
2.320000E+00,-0.231033
2.330000E+00,-0.231513
2.340000E+00,-0.231991
2.350000E+00,-0.232467
2.360000E+00,-0.232941
2.370000E+00,-0.233413
2.380000E+00,-0.233883
2.390000E+00,-0.234351
2.400000E+00,-0.234817
2.410000E+00,-0.235280
2.420000E+00,-0.235742
2.430000E+00,-0.236202
2.440000E+00,-0.236659
2.450000E+00,-0.237115
2.460000E+00,-0.237568
2.470000E+00,-0.238020
2.480000E+00,-0.238469
2.490000E+00,-0.238917
2.500000E+00,-0.239362
2.510000E+00,-0.239805
2.520000E+00,-0.240247
2.530000E+00,-0.240686
2.540000E+00,-0.241123
2.550000E+00,-0.241558
2.560000E+00,-0.241991
2.570000E+00,-0.242422
2.580000E+00,-0.242851
2.590000E+00,-0.243278
2.600000E+00,-0.243703
2.610000E+00,-0.244126
2.620000E+00,-0.244547
2.630000E+00,-0.244966
2.640000E+00,-0.245383
2.650000E+00,-0.245798
2.660000E+00,-0.246210
2.670000E+00,-0.246621
2.680000E+00,-0.247030
2.690000E+00,-0.247436
2.700000E+00,-0.247841
2.710000E+00,-0.248244
2.720000E+00,-0.248644
2.730000E+00,-0.249043
2.740000E+00,-0.249439
2.750000E+00,-0.249833
2.760000E+00,-0.250226
2.770000E+00,-0.250616
2.780000E+00,-0.251004
2.790000E+00,-0.251391
2.800000E+00,-0.251775
2.810000E+00,-0.252157
2.820000E+00,-0.252537
2.830000E+00,-0.252915
2.840000E+00,-0.253291
2.850000E+00,-0.253665
2.860000E+00,-0.254037
2.870000E+00,-0.254407
2.880000E+00,-0.254775
2.890000E+00,-0.255140
2.900000E+00,-0.255504
2.910000E+00,-0.255866
2.920000E+00,-0.256225
2.930000E+00,-0.256583
2.940000E+00,-0.256938
2.950000E+00,-0.257292
2.960000E+00,-0.257643
2.970000E+00,-0.257993
2.980000E+00,-0.258340
2.990000E+00,-0.258685
3.000000E+00,-0.259028
3.010000E+00,-0.259369
3.020000E+00,-0.259708
3.030000E+00,-0.260045
3.040000E+00,-0.260380
3.050000E+00,-0.260713
3.060000E+00,-0.261044
3.070000E+00,-0.261372
3.080000E+00,-0.261699
3.090000E+00,-0.262023
3.100000E+00,-0.262346
3.110000E+00,-0.262666
3.120000E+00,-0.262984
3.130000E+00,-0.263301
3.140000E+00,-0.263615
3.150000E+00,-0.263927
3.160000E+00,-0.264237
3.170000E+00,-0.264545
3.180000E+00,-0.264850
3.190000E+00,-0.265154
3.200000E+00,-0.265456
3.210000E+00,-0.265755
3.220000E+00,-0.266052
3.230000E+00,-0.266348
3.240000E+00,-0.266641
3.250000E+00,-0.266932
3.260000E+00,-0.267221
3.270000E+00,-0.267508
3.280000E+00,-0.267793
3.290000E+00,-0.268075
3.300000E+00,-0.268356
3.310000E+00,-0.268634
3.320000E+00,-0.268911
3.330000E+00,-0.269185
3.340000E+00,-0.269457
3.350000E+00,-0.269727
3.360000E+00,-0.269995
3.370000E+00,-0.270260
3.380000E+00,-0.270524
3.390000E+00,-0.270786
3.400000E+00,-0.271045
3.410000E+00,-0.271302
3.420000E+00,-0.271557
3.430000E+00,-0.271810
3.440000E+00,-0.272061
3.450000E+00,-0.272309
3.460000E+00,-0.272556
3.470000E+00,-0.272800
3.480000E+00,-0.273042
3.490000E+00,-0.273282
3.500000E+00,-0.273520
3.510000E+00,-0.273756
3.520000E+00,-0.273990
3.530000E+00,-0.274221
3.540000E+00,-0.274450
3.550000E+00,-0.274677
3.560000E+00,-0.274902
3.570000E+00,-0.275125
3.580000E+00,-0.275345
3.590000E+00,-0.275564
3.600000E+00,-0.275780
3.610000E+00,-0.275994
3.620000E+00,-0.276206
3.630000E+00,-0.276416
3.640000E+00,-0.276623
3.650000E+00,-0.276828
3.660000E+00,-0.277031
3.670000E+00,-0.277232
3.680000E+00,-0.277431
3.690000E+00,-0.277627
3.700000E+00,-0.277822
3.710000E+00,-0.278014
3.720000E+00,-0.278204
3.730000E+00,-0.278391
3.740000E+00,-0.278577
3.750000E+00,-0.278760
3.760000E+00,-0.278941
3.770000E+00,-0.279120
3.780000E+00,-0.279296
3.790000E+00,-0.279471
3.800000E+00,-0.279643
3.810000E+00,-0.279812
3.820000E+00,-0.279980
3.830000E+00,-0.280145
3.840000E+00,-0.280309
3.850000E+00,-0.280469
3.860000E+00,-0.280628
3.870000E+00,-0.280784
3.880000E+00,-0.280939
3.890000E+00,-0.281090
3.900000E+00,-0.281240
3.910000E+00,-0.281387
3.920000E+00,-0.281533
3.930000E+00,-0.281675
3.940000E+00,-0.281816
3.950000E+00,-0.281954
3.960000E+00,-0.282090
3.970000E+00,-0.282224
3.980000E+00,-0.282355
3.990000E+00,-0.282485
4.000000E+00,-0.282611
4.010000E+00,-0.282736
4.020000E+00,-0.282858
4.030000E+00,-0.282978
4.040000E+00,-0.283096
4.050000E+00,-0.283211
4.060000E+00,-0.283324
4.070000E+00,-0.283435
4.080000E+00,-0.283544
4.090000E+00,-0.283650
4.100000E+00,-0.283754
4.110000E+00,-0.283855
4.120000E+00,-0.283954
4.130000E+00,-0.284051
4.140000E+00,-0.284146
4.150000E+00,-0.284238
4.160000E+00,-0.284328
4.170000E+00,-0.284415
4.180000E+00,-0.284501
4.190000E+00,-0.284584
4.200000E+00,-0.284664
4.210000E+00,-0.284742
4.220000E+00,-0.284818
4.230000E+00,-0.284892
4.240000E+00,-0.284963
4.250000E+00,-0.285031
4.260000E+00,-0.285098
4.270000E+00,-0.285162
4.280000E+00,-0.285223
4.290000E+00,-0.285283
4.300000E+00,-0.285340
4.310000E+00,-0.285394
4.320000E+00,-0.285446
4.330000E+00,-0.285496
4.340000E+00,-0.285543
4.350000E+00,-0.285588
4.360000E+00,-0.285631
4.370000E+00,-0.285671
4.380000E+00,-0.285709
4.390000E+00,-0.285744
4.400000E+00,-0.285777
4.410000E+00,-0.285808
4.420000E+00,-0.285836
4.430000E+00,-0.285862
4.440000E+00,-0.285885
4.450000E+00,-0.285906
4.460000E+00,-0.285924
4.470000E+00,-0.285940
4.480000E+00,-0.285954
4.490000E+00,-0.285965
4.500000E+00,-0.285974
4.510000E+00,-0.285980
4.520000E+00,-0.285984
4.530000E+00,-0.285986
4.540000E+00,-0.285985
4.550000E+00,-0.285981
4.560000E+00,-0.285975
4.570000E+00,-0.285967
4.580000E+00,-0.285956
4.590000E+00,-0.285943
4.600000E+00,-0.285927
4.610000E+00,-0.285909
4.620000E+00,-0.285888
4.630000E+00,-0.285865
4.640000E+00,-0.285840
4.650000E+00,-0.285811
4.660000E+00,-0.285781
4.670000E+00,-0.285748
4.680000E+00,-0.285712
4.690000E+00,-0.285674
4.700000E+00,-0.285634
4.710000E+00,-0.285591
4.720000E+00,-0.285545
4.730000E+00,-0.285497
4.740000E+00,-0.285447
4.750000E+00,-0.285394
4.760000E+00,-0.285338
4.770000E+00,-0.285280
4.780000E+00,-0.285220
4.790000E+00,-0.285157
4.800000E+00,-0.285091
4.810000E+00,-0.285023
4.820000E+00,-0.284952
4.830000E+00,-0.284879
4.840000E+00,-0.284804
4.850000E+00,-0.284725
4.860000E+00,-0.284645
4.870000E+00,-0.284561
4.880000E+00,-0.284476
4.890000E+00,-0.284387
4.900000E+00,-0.284296
4.910000E+00,-0.284203
4.920000E+00,-0.284107
4.930000E+00,-0.284008
4.940000E+00,-0.283907
4.950000E+00,-0.283804
4.960000E+00,-0.283698
4.970000E+00,-0.283589
4.980000E+00,-0.283477
4.990000E+00,-0.283364
5.000000E+00,-0.283247
5.010000E+00,-0.283128
5.020000E+00,-0.283006
5.030000E+00,-0.282882
5.040000E+00,-0.282756
5.050000E+00,-0.282626
5.060000E+00,-0.282494
5.070000E+00,-0.282360
5.080000E+00,-0.282223
5.090000E+00,-0.282083
5.100000E+00,-0.281941
5.110000E+00,-0.281796
5.120000E+00,-0.281648
5.130000E+00,-0.281498
5.140000E+00,-0.281346
5.150000E+00,-0.281191
5.160000E+00,-0.281033
5.170000E+00,-0.280872
5.180000E+00,-0.280709
5.190000E+00,-0.280544
5.200000E+00,-0.280375
5.210000E+00,-0.280204
5.220000E+00,-0.280031
5.230000E+00,-0.279855
5.240000E+00,-0.279676
5.250000E+00,-0.279495
5.260000E+00,-0.279311
5.270000E+00,-0.279124
5.280000E+00,-0.278935
5.290000E+00,-0.278743
5.300000E+00,-0.278548
5.310000E+00,-0.278351
5.320000E+00,-0.278152
5.330000E+00,-0.277949
5.340000E+00,-0.277744
5.350000E+00,-0.277536
5.360000E+00,-0.277326
5.370000E+00,-0.277113
5.380000E+00,-0.276898
5.390000E+00,-0.276679
5.400000E+00,-0.276458
5.410000E+00,-0.276235
5.420000E+00,-0.276009
5.430000E+00,-0.275780
5.440000E+00,-0.275548
5.450000E+00,-0.275314
5.460000E+00,-0.275077
5.470000E+00,-0.274838
5.480000E+00,-0.274596
5.490000E+00,-0.274351
5.500000E+00,-0.274104
5.510000E+00,-0.273854
5.520000E+00,-0.273601
5.530000E+00,-0.273345
5.540000E+00,-0.273087
5.550000E+00,-0.272826
5.560000E+00,-0.272563
5.570000E+00,-0.272297
5.580000E+00,-0.272028
5.590000E+00,-0.271757
5.600000E+00,-0.271483
5.610000E+00,-0.271206
5.620000E+00,-0.270926
5.630000E+00,-0.270644
5.640000E+00,-0.270360
5.650000E+00,-0.270072
5.660000E+00,-0.269782
5.670000E+00,-0.269489
5.680000E+00,-0.269194
5.690000E+00,-0.268895
5.700000E+00,-0.268594
5.710000E+00,-0.268291
5.720000E+00,-0.267985
5.730000E+00,-0.267676
5.740000E+00,-0.267364
5.750000E+00,-0.267050
5.760000E+00,-0.266733
5.770000E+00,-0.266413
5.780000E+00,-0.266091
5.790000E+00,-0.265766
5.800000E+00,-0.265438
5.810000E+00,-0.265108
5.820000E+00,-0.264775
5.830000E+00,-0.264439
5.840000E+00,-0.264101
5.850000E+00,-0.263759
5.860000E+00,-0.263416
5.870000E+00,-0.263069
5.880000E+00,-0.262720
5.890000E+00,-0.262368
5.900000E+00,-0.262013
5.910000E+00,-0.261656
5.920000E+00,-0.261296
5.930000E+00,-0.260934
5.940000E+00,-0.260568
5.950000E+00,-0.260200
5.960000E+00,-0.259830
5.970000E+00,-0.259456
5.980000E+00,-0.259080
5.990000E+00,-0.258701
6.000000E+00,-0.258320
6.010000E+00,-0.257936
6.020000E+00,-0.257549
6.030000E+00,-0.257160
6.040000E+00,-0.256767
6.050000E+00,-0.256373
6.060000E+00,-0.255975
6.070000E+00,-0.255575
6.080000E+00,-0.255172
6.090000E+00,-0.254766
6.100000E+00,-0.254358
6.110000E+00,-0.253947
6.120000E+00,-0.253534
6.130000E+00,-0.253117
6.140000E+00,-0.252698
6.150000E+00,-0.252277
6.160000E+00,-0.251852
6.170000E+00,-0.251425
6.180000E+00,-0.250996
6.190000E+00,-0.250563
6.200000E+00,-0.250128
6.210000E+00,-0.249691
6.220000E+00,-0.249250
6.230000E+00,-0.248807
6.240000E+00,-0.248362
6.250000E+00,-0.247913
6.260000E+00,-0.247462
6.270000E+00,-0.247009
6.280000E+00,-0.246552
6.290000E+00,-0.246093
6.300000E+00,-0.245632
6.310000E+00,-0.245167
6.320000E+00,-0.244700
6.330000E+00,-0.244231
6.340000E+00,-0.243759
6.350000E+00,-0.243284
6.360000E+00,-0.242806
6.370000E+00,-0.242326
6.380000E+00,-0.241843
6.390000E+00,-0.241358
6.400000E+00,-0.240869
6.410000E+00,-0.240379
6.420000E+00,-0.239885
6.430000E+00,-0.239389
6.440000E+00,-0.238891
6.450000E+00,-0.238389
6.460000E+00,-0.237885
6.470000E+00,-0.237379
6.480000E+00,-0.236870
6.490000E+00,-0.236358
6.500000E+00,-0.235844
6.510000E+00,-0.235327
6.520000E+00,-0.234807
6.530000E+00,-0.234285
6.540000E+00,-0.233760
6.550000E+00,-0.233232
6.560000E+00,-0.232702
6.570000E+00,-0.232170
6.580000E+00,-0.231634
6.590000E+00,-0.231097
6.600000E+00,-0.230556
6.610000E+00,-0.230013
6.620000E+00,-0.229468
6.630000E+00,-0.228919
6.640000E+00,-0.228369
6.650000E+00,-0.227815
6.660000E+00,-0.227259
6.670000E+00,-0.226701
6.680000E+00,-0.226140
6.690000E+00,-0.225576
6.700000E+00,-0.225010
6.710000E+00,-0.224441
6.720000E+00,-0.223870
6.730000E+00,-0.223296
6.740000E+00,-0.222720
6.750000E+00,-0.222141
6.760000E+00,-0.221560
6.770000E+00,-0.220976
6.780000E+00,-0.220389
6.790000E+00,-0.219800
6.800000E+00,-0.219209
6.810000E+00,-0.218614
6.820000E+00,-0.218018
6.830000E+00,-0.217419
6.840000E+00,-0.216817
6.850000E+00,-0.216213
6.860000E+00,-0.215606
6.870000E+00,-0.214997
6.880000E+00,-0.214386
6.890000E+00,-0.213771
6.900000E+00,-0.213155
6.910000E+00,-0.212536
6.920000E+00,-0.211914
6.930000E+00,-0.211290
6.940000E+00,-0.210664
6.950000E+00,-0.210035
6.960000E+00,-0.209403
6.970000E+00,-0.208770
6.980000E+00,-0.208133
6.990000E+00,-0.207495
7.000000E+00,-0.206853
7.010000E+00,-0.206210
7.020000E+00,-0.205564
7.030000E+00,-0.204915
7.040000E+00,-0.204264
7.050000E+00,-0.203611
7.060000E+00,-0.202955
7.070000E+00,-0.202297
7.080000E+00,-0.201637
7.090000E+00,-0.200974
7.100000E+00,-0.200309
7.110000E+00,-0.199641
7.120000E+00,-0.198971
7.130000E+00,-0.198299
7.140000E+00,-0.197624
7.150000E+00,-0.196947
7.160000E+00,-0.196267
7.170000E+00,-0.195585
7.180000E+00,-0.194901
7.190000E+00,-0.194215
7.200000E+00,-0.193526
7.210000E+00,-0.192835
7.220000E+00,-0.192141
7.230000E+00,-0.191445
7.240000E+00,-0.190747
7.250000E+00,-0.190047
7.260000E+00,-0.189344
7.270000E+00,-0.188639
7.280000E+00,-0.187932
7.290000E+00,-0.187222
7.300000E+00,-0.186510
7.310000E+00,-0.185796
7.320000E+00,-0.185080
7.330000E+00,-0.184361
7.340000E+00,-0.183641
7.350000E+00,-0.182917
7.360000E+00,-0.182192
7.370000E+00,-0.181465
7.380000E+00,-0.180735
7.390000E+00,-0.180003
7.400000E+00,-0.179269
7.410000E+00,-0.178532
7.420000E+00,-0.177794
7.430000E+00,-0.177053
7.440000E+00,-0.176310
7.450000E+00,-0.175565
7.460000E+00,-0.174817
7.470000E+00,-0.174068
7.480000E+00,-0.173316
7.490000E+00,-0.172563
7.500000E+00,-0.171807
7.510000E+00,-0.171049
7.520000E+00,-0.170289
7.530000E+00,-0.169526
7.540000E+00,-0.168762
7.550000E+00,-0.167995
7.560000E+00,-0.167227
7.570000E+00,-0.166456
7.580000E+00,-0.165684
7.590000E+00,-0.164909
7.600000E+00,-0.164132
7.610000E+00,-0.163353
7.620000E+00,-0.162572
7.630000E+00,-0.161789
7.640000E+00,-0.161004
7.650000E+00,-0.160217
7.660000E+00,-0.159428
7.670000E+00,-0.158637
7.680000E+00,-0.157844
7.690000E+00,-0.157049
7.700000E+00,-0.156252
7.710000E+00,-0.155453
7.720000E+00,-0.154652
7.730000E+00,-0.153849
7.740000E+00,-0.153044
7.750000E+00,-0.152237
7.760000E+00,-0.151429
7.770000E+00,-0.150618
7.780000E+00,-0.149805
7.790000E+00,-0.148991
7.800000E+00,-0.148174
7.810000E+00,-0.147356
7.820000E+00,-0.146536
7.830000E+00,-0.145714
7.840000E+00,-0.144890
7.850000E+00,-0.144064
7.860000E+00,-0.143237
7.870000E+00,-0.142407
7.880000E+00,-0.141576
7.890000E+00,-0.140743
7.900000E+00,-0.139908
7.910000E+00,-0.139072
7.920000E+00,-0.138233
7.930000E+00,-0.137393
7.940000E+00,-0.136551
7.950000E+00,-0.135707
7.960000E+00,-0.134861
7.970000E+00,-0.134014
7.980000E+00,-0.133165
7.990000E+00,-0.132314
8.000000E+00,-0.131462
8.010000E+00,-0.130608
8.020000E+00,-0.129752
8.030000E+00,-0.128894
8.040000E+00,-0.128035
8.050000E+00,-0.127174
8.060000E+00,-0.126312
8.070000E+00,-0.125448
8.080000E+00,-0.124582
8.090000E+00,-0.123714
8.100000E+00,-0.122845
8.110000E+00,-0.121975
8.120000E+00,-0.121102
8.130000E+00,-0.120228
8.140000E+00,-0.119353
8.150000E+00,-0.118476
8.160000E+00,-0.117597
8.170000E+00,-0.116717
8.180000E+00,-0.115836
8.190000E+00,-0.114952
8.200000E+00,-0.114068
8.210000E+00,-0.113182
8.220000E+00,-0.112294
8.230000E+00,-0.111405
8.240000E+00,-0.110514
8.250000E+00,-0.109622
8.260000E+00,-0.108728
8.270000E+00,-0.107833
8.280000E+00,-0.106937
8.290000E+00,-0.106039
8.300000E+00,-0.105140
8.310000E+00,-0.104239
8.320000E+00,-0.103337
8.330000E+00,-0.102433
8.340000E+00,-0.101529
8.350000E+00,-0.100622
8.360000E+00,-0.099715
8.370000E+00,-0.098806
8.380000E+00,-0.097896
8.390000E+00,-0.096984
8.400000E+00,-0.096072
8.410000E+00,-0.095157
8.420000E+00,-0.094242
8.430000E+00,-0.093325
8.440000E+00,-0.092408
8.450000E+00,-0.091488
8.460000E+00,-0.090568
8.470000E+00,-0.089646
8.480000E+00,-0.088724
8.490000E+00,-0.087800
8.500000E+00,-0.086874
8.510000E+00,-0.085948
8.520000E+00,-0.085020
8.530000E+00,-0.084092
8.540000E+00,-0.083162
8.550000E+00,-0.082231
8.560000E+00,-0.081299
8.570000E+00,-0.080365
8.580000E+00,-0.079431
8.590000E+00,-0.078496
8.600000E+00,-0.077559
8.610000E+00,-0.076622
8.620000E+00,-0.075683
8.630000E+00,-0.074744
8.640000E+00,-0.073803
8.650000E+00,-0.072861
8.660000E+00,-0.071919
8.670000E+00,-0.070975
8.680000E+00,-0.070030
8.690000E+00,-0.069085
8.700000E+00,-0.068138
8.710000E+00,-0.067191
8.720000E+00,-0.066242
8.730000E+00,-0.065293
8.740000E+00,-0.064342
8.750000E+00,-0.063391
8.760000E+00,-0.062439
8.770000E+00,-0.061486
8.780000E+00,-0.060532
8.790000E+00,-0.059578
8.800000E+00,-0.058622
8.810000E+00,-0.057666
8.820000E+00,-0.056709
8.830000E+00,-0.055751
8.840000E+00,-0.054792
8.850000E+00,-0.053833
8.860000E+00,-0.052873
8.870000E+00,-0.051912
8.880000E+00,-0.050950
8.890000E+00,-0.049988
8.900000E+00,-0.049024
8.910000E+00,-0.048061
8.920000E+00,-0.047096
8.930000E+00,-0.046131
8.940000E+00,-0.045165
8.950000E+00,-0.044199
8.960000E+00,-0.043231
8.970000E+00,-0.042264
8.980000E+00,-0.041295
8.990000E+00,-0.040326
9.000000E+00,-0.039357
9.010000E+00,-0.038386
9.020000E+00,-0.037416
9.030000E+00,-0.036444
9.040000E+00,-0.035473
9.050000E+00,-0.034500
9.060000E+00,-0.033528
9.070000E+00,-0.032554
9.080000E+00,-0.031580
9.090000E+00,-0.030606
9.100000E+00,-0.029631
9.110000E+00,-0.028656
9.120000E+00,-0.027680
9.130000E+00,-0.026704
9.140000E+00,-0.025728
9.150000E+00,-0.024751
9.160000E+00,-0.023774
9.170000E+00,-0.022796
9.180000E+00,-0.021818
9.190000E+00,-0.020840
9.200000E+00,-0.019861
9.210000E+00,-0.018882
9.220000E+00,-0.017903
9.230000E+00,-0.016923
9.240000E+00,-0.015944
9.250000E+00,-0.014963
9.260000E+00,-0.013983
9.270000E+00,-0.013002
9.280000E+00,-0.012022
9.290000E+00,-0.011041
9.300000E+00,-0.010059
9.310000E+00,-0.009078
9.320000E+00,-0.008096
9.330000E+00,-0.007114
9.340000E+00,-0.006132
9.350000E+00,-0.005150
9.360000E+00,-0.004168
9.370000E+00,-0.003186
9.380000E+00,-0.002203
9.390000E+00,-0.001221
9.400000E+00,-0.000238
9.410000E+00,0.000744
9.420000E+00,0.001727
9.430000E+00,0.002710
9.440000E+00,0.003693
9.450000E+00,0.004675
9.460000E+00,0.005658
9.470000E+00,0.006641
9.480000E+00,0.007624
9.490000E+00,0.008606
9.500000E+00,0.009589
9.510000E+00,0.010572
9.520000E+00,0.011554
9.530000E+00,0.012536
9.540000E+00,0.013519
9.550000E+00,0.014501
9.560000E+00,0.015483
9.570000E+00,0.016465
9.580000E+00,0.017446
9.590000E+00,0.018428
9.600000E+00,0.019409
9.610000E+00,0.020390
9.620000E+00,0.021371
9.630000E+00,0.022352
9.640000E+00,0.023333
9.650000E+00,0.024313
9.660000E+00,0.025293
9.670000E+00,0.026273
9.680000E+00,0.027252
9.690000E+00,0.028231
9.700000E+00,0.029210
9.710000E+00,0.030188
9.720000E+00,0.031167
9.730000E+00,0.032144
9.740000E+00,0.033122
9.750000E+00,0.034099
9.760000E+00,0.035075
9.770000E+00,0.036052
9.780000E+00,0.037027
9.790000E+00,0.038003
9.800000E+00,0.038978
9.810000E+00,0.039952
9.820000E+00,0.040926
9.830000E+00,0.041900
9.840000E+00,0.042873
9.850000E+00,0.043846
9.860000E+00,0.044818
9.870000E+00,0.045789
9.880000E+00,0.046760
9.890000E+00,0.047730
9.900000E+00,0.048700
9.910000E+00,0.049670
9.920000E+00,0.050638
9.930000E+00,0.051606
9.940000E+00,0.052574
9.950000E+00,0.053541
9.960000E+00,0.054507
9.970000E+00,0.055472
9.980000E+00,0.056437
9.990000E+00,0.057401
1.000000E+01,0.058365
1.001000E+01,0.059327
1.002000E+01,0.060289
1.003000E+01,0.061251
1.004000E+01,0.062211
1.005000E+01,0.063171
1.006000E+01,0.064130
1.007000E+01,0.065088
1.008000E+01,0.066046
1.009000E+01,0.067002
1.010000E+01,0.067958
1.011000E+01,0.068913
1.012000E+01,0.069867
1.013000E+01,0.070821
1.014000E+01,0.071773
1.015000E+01,0.072725
1.016000E+01,0.073675
1.017000E+01,0.074625
1.018000E+01,0.075574
1.019000E+01,0.076522
1.020000E+01,0.077469
1.021000E+01,0.078415
1.022000E+01,0.079360
1.023000E+01,0.080304
1.024000E+01,0.081247
1.025000E+01,0.082189
1.026000E+01,0.083130
1.027000E+01,0.084070
1.028000E+01,0.085010
1.029000E+01,0.085948
1.030000E+01,0.086884
1.031000E+01,0.087820
1.032000E+01,0.088755
1.033000E+01,0.089689
1.034000E+01,0.090621
1.035000E+01,0.091553
1.036000E+01,0.092483
1.037000E+01,0.093412
1.038000E+01,0.094340
1.039000E+01,0.095267
1.040000E+01,0.096193
1.041000E+01,0.097117
1.042000E+01,0.098041
1.043000E+01,0.098963
1.044000E+01,0.099884
1.045000E+01,0.100803
1.046000E+01,0.101722
1.047000E+01,0.102639
1.048000E+01,0.103555
1.049000E+01,0.104470
1.050000E+01,0.105383
1.051000E+01,0.106295
1.052000E+01,0.107206
1.053000E+01,0.108115
1.054000E+01,0.109023
1.055000E+01,0.109930
1.056000E+01,0.110835
1.057000E+01,0.111739
1.058000E+01,0.112642
1.059000E+01,0.113543
1.060000E+01,0.114443
1.061000E+01,0.115341
1.062000E+01,0.116238
1.063000E+01,0.117134
1.064000E+01,0.118028
1.065000E+01,0.118921
1.066000E+01,0.119812
1.067000E+01,0.120702
1.068000E+01,0.121590
1.069000E+01,0.122477
1.070000E+01,0.123362
1.071000E+01,0.124246
1.072000E+01,0.125128
1.073000E+01,0.126009
1.074000E+01,0.126888
1.075000E+01,0.127766
1.076000E+01,0.128642
1.077000E+01,0.129516
1.078000E+01,0.130389
1.079000E+01,0.131260
1.080000E+01,0.132130
1.081000E+01,0.132998
1.082000E+01,0.133865
1.083000E+01,0.134729
1.084000E+01,0.135592
1.085000E+01,0.136454
1.086000E+01,0.137314
1.087000E+01,0.138172
1.088000E+01,0.139028
1.089000E+01,0.139883
1.090000E+01,0.140736
1.091000E+01,0.141588
1.092000E+01,0.142437
1.093000E+01,0.143285
1.094000E+01,0.144131
1.095000E+01,0.144976
1.096000E+01,0.145818
1.097000E+01,0.146659
1.098000E+01,0.147498
1.099000E+01,0.148336
1.100000E+01,0.149171
1.101000E+01,0.150005
1.102000E+01,0.150837
1.103000E+01,0.151667
1.104000E+01,0.152495
1.105000E+01,0.153321
1.106000E+01,0.154146
1.107000E+01,0.154968
1.108000E+01,0.155789
1.109000E+01,0.156608
1.110000E+01,0.157425
1.111000E+01,0.158240
1.112000E+01,0.159053
1.113000E+01,0.159865
1.114000E+01,0.160674
1.115000E+01,0.161481
1.116000E+01,0.162287
1.117000E+01,0.163090
1.118000E+01,0.163892
1.119000E+01,0.164692
1.120000E+01,0.165489
1.121000E+01,0.166285
1.122000E+01,0.167079
1.123000E+01,0.167870
1.124000E+01,0.168660
1.125000E+01,0.169448
1.126000E+01,0.170233
1.127000E+01,0.171017
1.128000E+01,0.171798
1.129000E+01,0.172578
1.130000E+01,0.173355
1.131000E+01,0.174131
1.132000E+01,0.174904
1.133000E+01,0.175675
1.134000E+01,0.176444
1.135000E+01,0.177211
1.136000E+01,0.177976
1.137000E+01,0.178739
1.138000E+01,0.179500
1.139000E+01,0.180259
1.140000E+01,0.181015
1.141000E+01,0.181769
1.142000E+01,0.182522
1.143000E+01,0.183272
1.144000E+01,0.184019
1.145000E+01,0.184765
1.146000E+01,0.185509
1.147000E+01,0.186250
1.148000E+01,0.186989
1.149000E+01,0.187726
1.150000E+01,0.188461
1.151000E+01,0.189193
1.152000E+01,0.189924
1.153000E+01,0.190652
1.154000E+01,0.191378
1.155000E+01,0.192101
1.156000E+01,0.192823
1.157000E+01,0.193542
1.158000E+01,0.194259
1.159000E+01,0.194973
1.160000E+01,0.195686
1.161000E+01,0.196396
1.162000E+01,0.197104
1.163000E+01,0.197809
1.164000E+01,0.198512
1.165000E+01,0.199213
1.166000E+01,0.199912
1.167000E+01,0.200608
1.168000E+01,0.201302
1.169000E+01,0.201994
1.170000E+01,0.202683
1.171000E+01,0.203370
1.172000E+01,0.204055
1.173000E+01,0.204737
1.174000E+01,0.205417
1.175000E+01,0.206095
1.176000E+01,0.206770
1.177000E+01,0.207443
1.178000E+01,0.208113
1.179000E+01,0.208781
1.180000E+01,0.209447
1.181000E+01,0.210110
1.182000E+01,0.210771
1.183000E+01,0.211429
1.184000E+01,0.212086
1.185000E+01,0.212739
1.186000E+01,0.213391
1.187000E+01,0.214039
1.188000E+01,0.214686
1.189000E+01,0.215330
1.190000E+01,0.215971
1.191000E+01,0.216610
1.192000E+01,0.217247
1.193000E+01,0.217881
1.194000E+01,0.218513
1.195000E+01,0.219142
1.196000E+01,0.219769
1.197000E+01,0.220393
1.198000E+01,0.221015
1.199000E+01,0.221634
1.200000E+01,0.222251
1.201000E+01,0.222866
1.202000E+01,0.223478
1.203000E+01,0.224087
1.204000E+01,0.224694
1.205000E+01,0.225298
1.206000E+01,0.225900
1.207000E+01,0.226499
1.208000E+01,0.227096
1.209000E+01,0.227691
1.210000E+01,0.228282
1.211000E+01,0.228872
1.212000E+01,0.229458
1.213000E+01,0.230042
1.214000E+01,0.230624
1.215000E+01,0.231203
1.216000E+01,0.231780
1.217000E+01,0.232354
1.218000E+01,0.232925
1.219000E+01,0.233494
1.220000E+01,0.234060
1.221000E+01,0.234624
1.222000E+01,0.235185
1.223000E+01,0.235744
1.224000E+01,0.236300
1.225000E+01,0.236853
1.226000E+01,0.237404
1.227000E+01,0.237952
1.228000E+01,0.238498
1.229000E+01,0.239041
1.230000E+01,0.239581
1.231000E+01,0.240119
1.232000E+01,0.240654
1.233000E+01,0.241187
1.234000E+01,0.241717
1.235000E+01,0.242244
1.236000E+01,0.242769
1.237000E+01,0.243291
1.238000E+01,0.243811
1.239000E+01,0.244328
1.240000E+01,0.244842
1.241000E+01,0.245354
1.242000E+01,0.245863
1.243000E+01,0.246369
1.244000E+01,0.246873
1.245000E+01,0.247374
1.246000E+01,0.247873
1.247000E+01,0.248369
1.248000E+01,0.248862
1.249000E+01,0.249352
1.250000E+01,0.249840
1.251000E+01,0.250326
1.252000E+01,0.250808
1.253000E+01,0.251288
1.254000E+01,0.251765
1.255000E+01,0.252240
1.256000E+01,0.252712
1.257000E+01,0.253181
1.258000E+01,0.253648
1.259000E+01,0.254112
1.260000E+01,0.254573
1.261000E+01,0.255032
1.262000E+01,0.255488
1.263000E+01,0.255941
1.264000E+01,0.256392
1.265000E+01,0.256840
1.266000E+01,0.257285
1.267000E+01,0.257728
1.268000E+01,0.258168
1.269000E+01,0.258605
1.270000E+01,0.259039
1.271000E+01,0.259471
1.272000E+01,0.259900
1.273000E+01,0.260327
1.274000E+01,0.260751
1.275000E+01,0.261172
1.276000E+01,0.261590
1.277000E+01,0.262006
1.278000E+01,0.262419
1.279000E+01,0.262829
1.280000E+01,0.263237
1.281000E+01,0.263642
1.282000E+01,0.264044
1.283000E+01,0.264444
1.284000E+01,0.264841
1.285000E+01,0.265235
1.286000E+01,0.265626
1.287000E+01,0.266015
1.288000E+01,0.266401
1.289000E+01,0.266784
1.290000E+01,0.267165
1.291000E+01,0.267543
1.292000E+01,0.267918
1.293000E+01,0.268291
1.294000E+01,0.268661
1.295000E+01,0.269028
1.296000E+01,0.269392
1.297000E+01,0.269754
1.298000E+01,0.270113
1.299000E+01,0.270469
1.300000E+01,0.270823
1.301000E+01,0.271174
1.302000E+01,0.271522
1.303000E+01,0.271868
1.304000E+01,0.272211
1.305000E+01,0.272551
1.306000E+01,0.272888
1.307000E+01,0.273223
1.308000E+01,0.273555
1.309000E+01,0.273884
1.310000E+01,0.274211
1.311000E+01,0.274534
1.312000E+01,0.274856
1.313000E+01,0.275174
1.314000E+01,0.275490
1.315000E+01,0.275803
1.316000E+01,0.276113
1.317000E+01,0.276421
1.318000E+01,0.276726
1.319000E+01,0.277028
1.320000E+01,0.277328
1.321000E+01,0.277624
1.322000E+01,0.277919
1.323000E+01,0.278210
1.324000E+01,0.278499
1.325000E+01,0.278785
1.326000E+01,0.279068
1.327000E+01,0.279349
1.328000E+01,0.279627
1.329000E+01,0.279902
1.330000E+01,0.280175
1.331000E+01,0.280445
1.332000E+01,0.280712
1.333000E+01,0.280976
1.334000E+01,0.281238
1.335000E+01,0.281497
1.336000E+01,0.281754
1.337000E+01,0.282007
1.338000E+01,0.282258
1.339000E+01,0.282507
1.340000E+01,0.282752
1.341000E+01,0.282995
1.342000E+01,0.283236
1.343000E+01,0.283473
1.344000E+01,0.283708
1.345000E+01,0.283941
1.346000E+01,0.284170
1.347000E+01,0.284397
1.348000E+01,0.284621
1.349000E+01,0.284843
1.350000E+01,0.285062
1.351000E+01,0.285278
1.352000E+01,0.285492
1.353000E+01,0.285702
1.354000E+01,0.285911
1.355000E+01,0.286116
1.356000E+01,0.286319
1.357000E+01,0.286519
1.358000E+01,0.286717
1.359000E+01,0.286912
1.360000E+01,0.287104
1.361000E+01,0.287294
1.362000E+01,0.287481
1.363000E+01,0.287665
1.364000E+01,0.287847
1.365000E+01,0.288025
1.366000E+01,0.288202
1.367000E+01,0.288375
1.368000E+01,0.288547
1.369000E+01,0.288715
1.370000E+01,0.288881
1.371000E+01,0.289044
1.372000E+01,0.289204
1.373000E+01,0.289362
1.374000E+01,0.289517
1.375000E+01,0.289670
1.376000E+01,0.289820
1.377000E+01,0.289967
1.378000E+01,0.290112
1.379000E+01,0.290254
1.380000E+01,0.290393
1.381000E+01,0.290530
1.382000E+01,0.290664
1.383000E+01,0.290796
1.384000E+01,0.290925
1.385000E+01,0.291051
1.386000E+01,0.291175
1.387000E+01,0.291296
1.388000E+01,0.291415
1.389000E+01,0.291531
1.390000E+01,0.291644
1.391000E+01,0.291755
1.392000E+01,0.291863
1.393000E+01,0.291968
1.394000E+01,0.292071
1.395000E+01,0.292172
1.396000E+01,0.292269
1.397000E+01,0.292365
1.398000E+01,0.292457
1.399000E+01,0.292547
1.400000E+01,0.292635
1.401000E+01,0.292719
1.402000E+01,0.292802
1.403000E+01,0.292881
1.404000E+01,0.292959
1.405000E+01,0.293033
1.406000E+01,0.293105
1.407000E+01,0.293175
1.408000E+01,0.293241
1.409000E+01,0.293306
1.410000E+01,0.293368
1.411000E+01,0.293427
1.412000E+01,0.293483
1.413000E+01,0.293537
1.414000E+01,0.293589
1.415000E+01,0.293638
1.416000E+01,0.293684
1.417000E+01,0.293728
1.418000E+01,0.293770
1.419000E+01,0.293809
1.420000E+01,0.293845
1.421000E+01,0.293879
1.422000E+01,0.293910
1.423000E+01,0.293939
1.424000E+01,0.293965
1.425000E+01,0.293989
1.426000E+01,0.294010
1.427000E+01,0.294029
1.428000E+01,0.294045
1.429000E+01,0.294058
1.430000E+01,0.294069
1.431000E+01,0.294078
1.432000E+01,0.294084
1.433000E+01,0.294088
1.434000E+01,0.294089
1.435000E+01,0.294088
1.436000E+01,0.294084
1.437000E+01,0.294077
1.438000E+01,0.294069
1.439000E+01,0.294057
1.440000E+01,0.294043
1.441000E+01,0.294027
1.442000E+01,0.294008
1.443000E+01,0.293987
1.444000E+01,0.293964
1.445000E+01,0.293937
1.446000E+01,0.293909
1.447000E+01,0.293878
1.448000E+01,0.293844
1.449000E+01,0.293808
1.450000E+01,0.293770
1.451000E+01,0.293729
1.452000E+01,0.293685
1.453000E+01,0.293640
1.454000E+01,0.293591
1.455000E+01,0.293541
1.456000E+01,0.293487
1.457000E+01,0.293432
1.458000E+01,0.293374
1.459000E+01,0.293313
1.460000E+01,0.293250
1.461000E+01,0.293185
1.462000E+01,0.293117
1.463000E+01,0.293047
1.464000E+01,0.292975
1.465000E+01,0.292900
1.466000E+01,0.292822
1.467000E+01,0.292742
1.468000E+01,0.292660
1.469000E+01,0.292576
1.470000E+01,0.292489
1.471000E+01,0.292399
1.472000E+01,0.292307
1.473000E+01,0.292213
1.474000E+01,0.292116
1.475000E+01,0.292017
1.476000E+01,0.291916
1.477000E+01,0.291812
1.478000E+01,0.291706
1.479000E+01,0.291598
1.480000E+01,0.291487
1.481000E+01,0.291373
1.482000E+01,0.291258
1.483000E+01,0.291140
1.484000E+01,0.291019
1.485000E+01,0.290896
1.486000E+01,0.290771
1.487000E+01,0.290644
1.488000E+01,0.290514
1.489000E+01,0.290382
1.490000E+01,0.290247
1.491000E+01,0.290110
1.492000E+01,0.289971
1.493000E+01,0.289829
1.494000E+01,0.289685
1.495000E+01,0.289539
1.496000E+01,0.289390
1.497000E+01,0.289239
1.498000E+01,0.289086
1.499000E+01,0.288930
1.500000E+01,0.288772
1.501000E+01,0.288612
1.502000E+01,0.288450
1.503000E+01,0.288285
1.504000E+01,0.288117
1.505000E+01,0.287948
1.506000E+01,0.287776
1.507000E+01,0.287602
1.508000E+01,0.287425
1.509000E+01,0.287246
1.510000E+01,0.287065
1.511000E+01,0.286882
1.512000E+01,0.286696
1.513000E+01,0.286508
1.514000E+01,0.286318
1.515000E+01,0.286125
1.516000E+01,0.285930
1.517000E+01,0.285733
1.518000E+01,0.285533
1.519000E+01,0.285331
1.520000E+01,0.285127
1.521000E+01,0.284921
1.522000E+01,0.284712
1.523000E+01,0.284501
1.524000E+01,0.284288
1.525000E+01,0.284073
1.526000E+01,0.283855
1.527000E+01,0.283635
1.528000E+01,0.283413
1.529000E+01,0.283188
1.530000E+01,0.282961
1.531000E+01,0.282732
1.532000E+01,0.282501
1.533000E+01,0.282267
1.534000E+01,0.282031
1.535000E+01,0.281793
1.536000E+01,0.281553
1.537000E+01,0.281310
1.538000E+01,0.281065
1.539000E+01,0.280818
1.540000E+01,0.280569
1.541000E+01,0.280317
1.542000E+01,0.280063
1.543000E+01,0.279807
1.544000E+01,0.279548
1.545000E+01,0.279288
1.546000E+01,0.279025
1.547000E+01,0.278760
1.548000E+01,0.278493
1.549000E+01,0.278223
1.550000E+01,0.277951
1.551000E+01,0.277677
1.552000E+01,0.277401
1.553000E+01,0.277122
1.554000E+01,0.276842
1.555000E+01,0.276559
1.556000E+01,0.276274
1.557000E+01,0.275986
1.558000E+01,0.275697
1.559000E+01,0.275405
1.560000E+01,0.275111
1.561000E+01,0.274815
1.562000E+01,0.274516
1.563000E+01,0.274215
1.564000E+01,0.273912
1.565000E+01,0.273607
1.566000E+01,0.273300
1.567000E+01,0.272990
1.568000E+01,0.272679
1.569000E+01,0.272365
1.570000E+01,0.272049
1.571000E+01,0.271730
1.572000E+01,0.271410
1.573000E+01,0.271087
1.574000E+01,0.270762
1.575000E+01,0.270435
1.576000E+01,0.270105
1.577000E+01,0.269773
1.578000E+01,0.269440
1.579000E+01,0.269104
1.580000E+01,0.268765
1.581000E+01,0.268425
1.582000E+01,0.268082
1.583000E+01,0.267737
1.584000E+01,0.267390
1.585000E+01,0.267041
1.586000E+01,0.266690
1.587000E+01,0.266336
1.588000E+01,0.265980
1.589000E+01,0.265622
1.590000E+01,0.265262
1.591000E+01,0.264900
1.592000E+01,0.264535
1.593000E+01,0.264168
1.594000E+01,0.263799
1.595000E+01,0.263428
1.596000E+01,0.263055
1.597000E+01,0.262679
1.598000E+01,0.262301
1.599000E+01,0.261921
1.600000E+01,0.261539
1.601000E+01,0.261155
1.602000E+01,0.260768
1.603000E+01,0.260379
1.604000E+01,0.259988
1.605000E+01,0.259595
1.606000E+01,0.259200
1.607000E+01,0.258802
1.608000E+01,0.258402
1.609000E+01,0.258000
1.610000E+01,0.257596
1.611000E+01,0.257190
1.612000E+01,0.256781
1.613000E+01,0.256370
1.614000E+01,0.255957
1.615000E+01,0.255542
1.616000E+01,0.255125
1.617000E+01,0.254705
1.618000E+01,0.254283
1.619000E+01,0.253859
1.620000E+01,0.253433
1.621000E+01,0.253004
1.622000E+01,0.252574
1.623000E+01,0.252141
1.624000E+01,0.251706
1.625000E+01,0.251269
1.626000E+01,0.250829
1.627000E+01,0.250387
1.628000E+01,0.249943
1.629000E+01,0.249497
1.630000E+01,0.249049
1.631000E+01,0.248598
1.632000E+01,0.248145
1.633000E+01,0.247690
1.634000E+01,0.247233
1.635000E+01,0.246773
1.636000E+01,0.246312
1.637000E+01,0.245848
1.638000E+01,0.245381
1.639000E+01,0.244913
1.640000E+01,0.244442
1.641000E+01,0.243969
1.642000E+01,0.243494
1.643000E+01,0.243017
1.644000E+01,0.242537
1.645000E+01,0.242055
1.646000E+01,0.241571
1.647000E+01,0.241084
1.648000E+01,0.240596
1.649000E+01,0.240105
1.650000E+01,0.239611
1.651000E+01,0.239116
1.652000E+01,0.238618
1.653000E+01,0.238118
1.654000E+01,0.237616
1.655000E+01,0.237111
1.656000E+01,0.236604
1.657000E+01,0.236095
1.658000E+01,0.235584
1.659000E+01,0.235070
1.660000E+01,0.234554
1.661000E+01,0.234036
1.662000E+01,0.233515
1.663000E+01,0.232992
1.664000E+01,0.232467
1.665000E+01,0.231940
1.666000E+01,0.231410
1.667000E+01,0.230878
1.668000E+01,0.230343
1.669000E+01,0.229806
1.670000E+01,0.229267
1.671000E+01,0.228726
1.672000E+01,0.228182
1.673000E+01,0.227636
1.674000E+01,0.227087
1.675000E+01,0.226537
1.676000E+01,0.225983
1.677000E+01,0.225428
1.678000E+01,0.224870
1.679000E+01,0.224310
1.680000E+01,0.223747
1.681000E+01,0.223182
1.682000E+01,0.222615
1.683000E+01,0.222045
1.684000E+01,0.221473
1.685000E+01,0.220898
1.686000E+01,0.220322
1.687000E+01,0.219742
1.688000E+01,0.219160
1.689000E+01,0.218576
1.690000E+01,0.217990
1.691000E+01,0.217401
1.692000E+01,0.216809
1.693000E+01,0.216215
1.694000E+01,0.215619
1.695000E+01,0.215020
1.696000E+01,0.214419
1.697000E+01,0.213815
1.698000E+01,0.213209
1.699000E+01,0.212601
1.700000E+01,0.211990
1.701000E+01,0.211376
1.702000E+01,0.210760
1.703000E+01,0.210141
1.704000E+01,0.209520
1.705000E+01,0.208897
1.706000E+01,0.208271
1.707000E+01,0.207642
1.708000E+01,0.207011
1.709000E+01,0.206377
1.710000E+01,0.205741
1.711000E+01,0.205102
1.712000E+01,0.204461
1.713000E+01,0.203817
1.714000E+01,0.203170
1.715000E+01,0.202521
1.716000E+01,0.201870
1.717000E+01,0.201215
1.718000E+01,0.200559
1.719000E+01,0.199899
1.720000E+01,0.199237
1.721000E+01,0.198572
1.722000E+01,0.197905
1.723000E+01,0.197235
1.724000E+01,0.196562
1.725000E+01,0.195887
1.726000E+01,0.195209
1.727000E+01,0.194528
1.728000E+01,0.193845
1.729000E+01,0.193159
1.730000E+01,0.192470
1.731000E+01,0.191778
1.732000E+01,0.191084
1.733000E+01,0.190387
1.734000E+01,0.189687
1.735000E+01,0.188985
1.736000E+01,0.188280
1.737000E+01,0.187572
1.738000E+01,0.186861
1.739000E+01,0.186147
1.740000E+01,0.185431
1.741000E+01,0.184711
1.742000E+01,0.183989
1.743000E+01,0.183264
1.744000E+01,0.182537
1.745000E+01,0.181806
1.746000E+01,0.181072
1.747000E+01,0.180336
1.748000E+01,0.179597
1.749000E+01,0.178855
1.750000E+01,0.178109
1.751000E+01,0.177361
1.752000E+01,0.176610
1.753000E+01,0.175856
1.754000E+01,0.175100
1.755000E+01,0.174340
1.756000E+01,0.173577
1.757000E+01,0.172811
1.758000E+01,0.172042
1.759000E+01,0.171270
1.760000E+01,0.170495
1.761000E+01,0.169717
1.762000E+01,0.168936
1.763000E+01,0.168151
1.764000E+01,0.167364
1.765000E+01,0.166574
1.766000E+01,0.165780
1.767000E+01,0.164983
1.768000E+01,0.164184
1.769000E+01,0.163381
1.770000E+01,0.162574
1.771000E+01,0.161765
1.772000E+01,0.160952
1.773000E+01,0.160136
1.774000E+01,0.159317
1.775000E+01,0.158495
1.776000E+01,0.157669
1.777000E+01,0.156840
1.778000E+01,0.156008
1.779000E+01,0.155172
1.780000E+01,0.154333
1.781000E+01,0.153491
1.782000E+01,0.152645
1.783000E+01,0.151796
1.784000E+01,0.150944
1.785000E+01,0.150088
1.786000E+01,0.149228
1.787000E+01,0.148366
1.788000E+01,0.147499
1.789000E+01,0.146629
1.790000E+01,0.145756
1.791000E+01,0.144879
1.792000E+01,0.143999
1.793000E+01,0.143115
1.794000E+01,0.142227
1.795000E+01,0.141336
1.796000E+01,0.140441
1.797000E+01,0.139543
1.798000E+01,0.138640
1.799000E+01,0.137734
1.800000E+01,0.136825
1.801000E+01,0.135912
1.802000E+01,0.134994
1.803000E+01,0.134074
1.804000E+01,0.133149
1.805000E+01,0.132220
1.806000E+01,0.131288
1.807000E+01,0.130352
1.808000E+01,0.129412
1.809000E+01,0.128468
1.810000E+01,0.127520
1.811000E+01,0.126568
1.812000E+01,0.125612
1.813000E+01,0.124652
1.814000E+01,0.123688
1.815000E+01,0.122720
1.816000E+01,0.121748
1.817000E+01,0.120772
1.818000E+01,0.119792
1.819000E+01,0.118807
1.820000E+01,0.117818
1.821000E+01,0.116826
1.822000E+01,0.115829
1.823000E+01,0.114827
1.824000E+01,0.113822
1.825000E+01,0.112812
1.826000E+01,0.111797
1.827000E+01,0.110779
1.828000E+01,0.109756
1.829000E+01,0.108728
1.830000E+01,0.107696
1.831000E+01,0.106660
1.832000E+01,0.105619
1.833000E+01,0.104574
1.834000E+01,0.103524
1.835000E+01,0.102469
1.836000E+01,0.101410
1.837000E+01,0.100346
1.838000E+01,0.099278
1.839000E+01,0.098204
1.840000E+01,0.097126
1.841000E+01,0.096043
1.842000E+01,0.094956
1.843000E+01,0.093863
1.844000E+01,0.092766
1.845000E+01,0.091663
1.846000E+01,0.090556
1.847000E+01,0.089444
1.848000E+01,0.088327
1.849000E+01,0.087204
1.850000E+01,0.086077
1.851000E+01,0.084944
1.852000E+01,0.083807
1.853000E+01,0.082664
1.854000E+01,0.081516
1.855000E+01,0.080362
1.856000E+01,0.079203
1.857000E+01,0.078039
1.858000E+01,0.076870
1.859000E+01,0.075695
1.860000E+01,0.074514
1.861000E+01,0.073328
1.862000E+01,0.072137
1.863000E+01,0.070940
1.864000E+01,0.069737
1.865000E+01,0.068529
1.866000E+01,0.067315
1.867000E+01,0.066095
1.868000E+01,0.064869
1.869000E+01,0.063638
1.870000E+01,0.062400
1.871000E+01,0.061157
1.872000E+01,0.059908
1.873000E+01,0.058652
1.874000E+01,0.057391
1.875000E+01,0.056123
1.876000E+01,0.054850
1.877000E+01,0.053570
1.878000E+01,0.052283
1.879000E+01,0.050991
1.880000E+01,0.049692
1.881000E+01,0.048387
1.882000E+01,0.047075
1.883000E+01,0.045757
1.884000E+01,0.044432
1.885000E+01,0.043100
1.886000E+01,0.041762
1.887000E+01,0.040417
1.888000E+01,0.039065
1.889000E+01,0.037707
1.890000E+01,0.036341
1.891000E+01,0.034969
1.892000E+01,0.033590
1.893000E+01,0.032203
1.894000E+01,0.030810
1.895000E+01,0.029409
1.896000E+01,0.028001
1.897000E+01,0.026585
1.898000E+01,0.025163
1.899000E+01,0.023733
1.900000E+01,0.022295
1.901000E+01,0.020850
1.902000E+01,0.019397
1.903000E+01,0.017937
1.904000E+01,0.016468
1.905000E+01,0.014992
1.906000E+01,0.013508
1.907000E+01,0.012016
1.908000E+01,0.010517
1.909000E+01,0.009009
1.910000E+01,0.007492
1.911000E+01,0.005968
1.912000E+01,0.004435
1.913000E+01,0.002894
1.914000E+01,0.001345
1.915000E+01,-0.000213
1.916000E+01,-0.001780
1.917000E+01,-0.003355
1.918000E+01,-0.004939
1.919000E+01,-0.006532
1.920000E+01,-0.008134
1.921000E+01,-0.009745
1.922000E+01,-0.011365
1.923000E+01,-0.012994
1.924000E+01,-0.014632
1.925000E+01,-0.016280
1.926000E+01,-0.017937
1.927000E+01,-0.019604
1.928000E+01,-0.021280
1.929000E+01,-0.022966
1.930000E+01,-0.024661
1.931000E+01,-0.026367
1.932000E+01,-0.028082
1.933000E+01,-0.029808
1.934000E+01,-0.031543
1.935000E+01,-0.033289
1.936000E+01,-0.035045
1.937000E+01,-0.036812
1.938000E+01,-0.038589
1.939000E+01,-0.040377
1.940000E+01,-0.042175
1.941000E+01,-0.043985
1.942000E+01,-0.045805
1.943000E+01,-0.047636
1.944000E+01,-0.049479
1.945000E+01,-0.051333
1.946000E+01,-0.053198
1.947000E+01,-0.055074
1.948000E+01,-0.056963
1.949000E+01,-0.058863
1.950000E+01,-0.060774
1.951000E+01,-0.062698
1.952000E+01,-0.064634
1.953000E+01,-0.066582
1.954000E+01,-0.068542
1.955000E+01,-0.070515
1.956000E+01,-0.072500
1.957000E+01,-0.074498
1.958000E+01,-0.076509
1.959000E+01,-0.078533
1.960000E+01,-0.080570
1.961000E+01,-0.082620
1.962000E+01,-0.084684
1.963000E+01,-0.086760
1.964000E+01,-0.088851
1.965000E+01,-0.090955
1.966000E+01,-0.093074
1.967000E+01,-0.095206
1.968000E+01,-0.097353
1.969000E+01,-0.099514
1.970000E+01,-0.101689
1.971000E+01,-0.103879
1.972000E+01,-0.106084
1.973000E+01,-0.108304
1.974000E+01,-0.110539
1.975000E+01,-0.112790
1.976000E+01,-0.115055
1.977000E+01,-0.117337
1.978000E+01,-0.119634
1.979000E+01,-0.121948
1.980000E+01,-0.124277
1.981000E+01,-0.126623
1.982000E+01,-0.128985
1.983000E+01,-0.131364
1.984000E+01,-0.133760
1.985000E+01,-0.136173
1.986000E+01,-0.138604
1.987000E+01,-0.141051
1.988000E+01,-0.143517
1.989000E+01,-0.146000
1.990000E+01,-0.148501
1.991000E+01,-0.151021
1.992000E+01,-0.153559
1.993000E+01,-0.156115
1.994000E+01,-0.158691
1.995000E+01,-0.161286
1.996000E+01,-0.163900
1.997000E+01,-0.166533
1.998000E+01,-0.169187
1.999000E+01,-0.171860
2.000000E+01,-0.174554


