#X,rev_Amortisseur_pivotAF->RZ_Displacement(rel)
#Time(sec),Angle(degrees)_Real
0.000000E+00,0.000000E+00
1.000000E-02,-2.872343E-02
2.000000E-02,-5.748275E-02
3.000000E-02,-8.627844E-02
4.000000E-02,-1.151068E-01
5.000000E-02,-1.439680E-01
6.000000E-02,-1.728618E-01
7.000000E-02,-2.017886E-01
8.000000E-02,-2.307480E-01
9.000000E-02,-2.597403E-01
1.000000E-01,-2.887654E-01
1.100000E-01,-3.178233E-01
1.200000E-01,-3.469142E-01
1.300000E-01,-3.760379E-01
1.400000E-01,-4.051944E-01
1.500000E-01,-4.343839E-01
1.600000E-01,-4.636064E-01
1.700000E-01,-4.928617E-01
1.800000E-01,-5.221500E-01
1.900000E-01,-5.514713E-01
2.000000E-01,-5.808255E-01
2.100000E-01,-6.102128E-01
2.200000E-01,-6.396330E-01
2.300000E-01,-6.690864E-01
2.400000E-01,-6.985727E-01
2.500000E-01,-7.280921E-01
2.600000E-01,-7.576446E-01
2.700000E-01,-7.872303E-01
2.800000E-01,-8.168490E-01
2.900000E-01,-8.465009E-01
3.000000E-01,-8.761859E-01
3.100000E-01,-9.059041E-01
3.200000E-01,-9.356554E-01
3.300000E-01,-9.654401E-01
3.400000E-01,-9.952579E-01
3.500000E-01,-1.025109E+00
3.600000E-01,-1.054993E+00
3.700000E-01,-1.084911E+00
3.800000E-01,-1.114861E+00
3.900000E-01,-1.144846E+00
4.000000E-01,-1.174863E+00
4.100000E-01,-1.204914E+00
4.200000E-01,-1.234998E+00
4.300000E-01,-1.265115E+00
4.400000E-01,-1.295266E+00
4.500000E-01,-1.325451E+00
4.600000E-01,-1.355668E+00
4.700000E-01,-1.385919E+00
4.800000E-01,-1.416204E+00
4.900000E-01,-1.446522E+00
5.000000E-01,-1.476873E+00
5.100000E-01,-1.507258E+00
5.200000E-01,-1.537677E+00
5.300000E-01,-1.568129E+00
5.400000E-01,-1.598615E+00
5.500000E-01,-1.629134E+00
5.600000E-01,-1.659687E+00
5.700000E-01,-1.690273E+00
5.800000E-01,-1.720893E+00
5.900000E-01,-1.751547E+00
6.000000E-01,-1.782234E+00
6.100000E-01,-1.812955E+00
6.200000E-01,-1.843710E+00
6.300000E-01,-1.874498E+00
6.400000E-01,-1.905320E+00
6.500000E-01,-1.936176E+00
6.600000E-01,-1.967066E+00
6.700000E-01,-1.997989E+00
6.800000E-01,-2.028946E+00
6.900000E-01,-2.059938E+00
7.000000E-01,-2.090962E+00
7.100000E-01,-2.122021E+00
7.200000E-01,-2.153113E+00
7.300000E-01,-2.184240E+00
7.400000E-01,-2.215400E+00
7.500000E-01,-2.246594E+00
7.600000E-01,-2.277822E+00
7.700000E-01,-2.309084E+00
7.800000E-01,-2.340381E+00
7.900000E-01,-2.371711E+00
8.000000E-01,-2.403075E+00
8.100000E-01,-2.434473E+00
8.200000E-01,-2.465904E+00
8.300000E-01,-2.497371E+00
8.400000E-01,-2.528871E+00
8.500000E-01,-2.560405E+00
8.600000E-01,-2.591974E+00
8.700000E-01,-2.623576E+00
8.800000E-01,-2.655213E+00
8.900000E-01,-2.686883E+00
9.000000E-01,-2.718589E+00
9.100000E-01,-2.750328E+00
9.200000E-01,-2.782101E+00
9.300000E-01,-2.813909E+00
9.400000E-01,-2.845751E+00
9.500000E-01,-2.877627E+00
9.600000E-01,-2.909537E+00
9.700000E-01,-2.941482E+00
9.800000E-01,-2.973461E+00
9.900000E-01,-3.005474E+00
1.000000E+00,-3.037522E+00
1.010000E+00,-3.069604E+00
1.020000E+00,-3.101720E+00
1.030000E+00,-3.133871E+00
1.040000E+00,-3.166056E+00
1.050000E+00,-3.198276E+00
1.060000E+00,-3.230530E+00
1.070000E+00,-3.262819E+00
1.080000E+00,-3.295142E+00
1.090000E+00,-3.327499E+00
1.100000E+00,-3.359891E+00
1.110000E+00,-3.392318E+00
1.120000E+00,-3.424779E+00
1.130000E+00,-3.457275E+00
1.140000E+00,-3.489805E+00
1.150000E+00,-3.522370E+00
1.160000E+00,-3.554969E+00
1.170000E+00,-3.587603E+00
1.180000E+00,-3.620272E+00
1.190000E+00,-3.652976E+00
1.200000E+00,-3.685714E+00
1.210000E+00,-3.718487E+00
1.220000E+00,-3.751295E+00
1.230000E+00,-3.784137E+00
1.240000E+00,-3.817014E+00
1.250000E+00,-3.849926E+00
1.260000E+00,-3.882873E+00
1.270000E+00,-3.915854E+00
1.280000E+00,-3.948870E+00
1.290000E+00,-3.981922E+00
1.300000E+00,-4.015007E+00
1.310000E+00,-4.048128E+00
1.320000E+00,-4.081284E+00
1.330000E+00,-4.114474E+00
1.340000E+00,-4.147700E+00
1.350000E+00,-4.180961E+00
1.360000E+00,-4.214256E+00
1.370000E+00,-4.247587E+00
1.380000E+00,-4.280952E+00
1.390000E+00,-4.314352E+00
1.400000E+00,-4.347787E+00
1.410000E+00,-4.381257E+00
1.420000E+00,-4.414763E+00
1.430000E+00,-4.448304E+00
1.440000E+00,-4.481879E+00
1.450000E+00,-4.515490E+00
1.460000E+00,-4.549136E+00
1.470000E+00,-4.582817E+00
1.480000E+00,-4.616533E+00
1.490000E+00,-4.650285E+00
1.500000E+00,-4.684071E+00
1.510000E+00,-4.717893E+00
1.520000E+00,-4.751750E+00
1.530000E+00,-4.785642E+00
1.540000E+00,-4.819569E+00
1.550000E+00,-4.853532E+00
1.560000E+00,-4.887530E+00
1.570000E+00,-4.921563E+00
1.580000E+00,-4.955631E+00
1.590000E+00,-4.989735E+00
1.600000E+00,-5.023874E+00
1.610000E+00,-5.058049E+00
1.620000E+00,-5.092259E+00
1.630000E+00,-5.126504E+00
1.640000E+00,-5.160785E+00
1.650000E+00,-5.195101E+00
1.660000E+00,-5.229453E+00
1.670000E+00,-5.263841E+00
1.680000E+00,-5.298262E+00
1.690000E+00,-5.332721E+00
1.700000E+00,-5.367214E+00
1.710000E+00,-5.401743E+00
1.720000E+00,-5.436308E+00
1.730000E+00,-5.470907E+00
1.740000E+00,-5.505543E+00
1.750000E+00,-5.540215E+00
1.760000E+00,-5.574921E+00
1.770000E+00,-5.609664E+00
1.780000E+00,-5.644441E+00
1.790000E+00,-5.679255E+00
1.800000E+00,-5.714104E+00
1.810000E+00,-5.748989E+00
1.820000E+00,-5.783910E+00
1.830000E+00,-5.818866E+00
1.840000E+00,-5.853859E+00
1.850000E+00,-5.888886E+00
1.860000E+00,-5.923950E+00
1.870000E+00,-5.959049E+00
1.880000E+00,-5.994185E+00
1.890000E+00,-6.029355E+00
1.900000E+00,-6.064561E+00
1.910000E+00,-6.099803E+00
1.920000E+00,-6.135082E+00
1.930000E+00,-6.170395E+00
1.940000E+00,-6.205745E+00
1.950000E+00,-6.241131E+00
1.960000E+00,-6.276553E+00
1.970000E+00,-6.312009E+00
1.980000E+00,-6.347504E+00
1.990000E+00,-6.383033E+00
2.000000E+00,-6.418599E+00
2.010000E+00,-6.454200E+00
2.020000E+00,-6.489838E+00
2.030000E+00,-6.525510E+00
2.040000E+00,-6.561219E+00
2.050000E+00,-6.596964E+00
2.060000E+00,-6.632746E+00
2.070000E+00,-6.668563E+00
2.080000E+00,-6.704415E+00
2.090000E+00,-6.740306E+00
2.100000E+00,-6.776230E+00
2.110000E+00,-6.812192E+00
2.120000E+00,-6.848190E+00
2.130000E+00,-6.884223E+00
2.140000E+00,-6.920293E+00
2.150000E+00,-6.956399E+00
2.160000E+00,-6.992541E+00
2.170000E+00,-7.028719E+00
2.180000E+00,-7.064934E+00
2.190000E+00,-7.101184E+00
2.200000E+00,-7.137470E+00
2.210000E+00,-7.173794E+00
2.220000E+00,-7.210153E+00
2.230000E+00,-7.246547E+00
2.240000E+00,-7.282979E+00
2.250000E+00,-7.319448E+00
2.260000E+00,-7.355952E+00
2.270000E+00,-7.392493E+00
2.280000E+00,-7.429069E+00
2.290000E+00,-7.465682E+00
2.300000E+00,-7.502331E+00
2.310000E+00,-7.539018E+00
2.320000E+00,-7.575739E+00
2.330000E+00,-7.612497E+00
2.340000E+00,-7.649292E+00
2.350000E+00,-7.686123E+00
2.360000E+00,-7.722991E+00
2.370000E+00,-7.759894E+00
2.380000E+00,-7.796835E+00
2.390000E+00,-7.833812E+00
2.400000E+00,-7.870824E+00
2.410000E+00,-7.907875E+00
2.420000E+00,-7.944961E+00
2.430000E+00,-7.982083E+00
2.440000E+00,-8.019242E+00
2.450000E+00,-8.056437E+00
2.460000E+00,-8.093670E+00
2.470000E+00,-8.130938E+00
2.480000E+00,-8.168243E+00
2.490000E+00,-8.205584E+00
2.500000E+00,-8.242963E+00
2.510000E+00,-8.280377E+00
2.520000E+00,-8.317827E+00
2.530000E+00,-8.355315E+00
2.540000E+00,-8.392840E+00
2.550000E+00,-8.430401E+00
2.560000E+00,-8.467999E+00
2.570000E+00,-8.505632E+00
2.580000E+00,-8.543303E+00
2.590000E+00,-8.581010E+00
2.600000E+00,-8.618754E+00
2.610000E+00,-8.656536E+00
2.620000E+00,-8.694353E+00
2.630000E+00,-8.732205E+00
2.640000E+00,-8.770097E+00
2.650000E+00,-8.808024E+00
2.660000E+00,-8.845987E+00
2.670000E+00,-8.883988E+00
2.680000E+00,-8.922024E+00
2.690000E+00,-8.960099E+00
2.700000E+00,-8.998210E+00
2.710000E+00,-9.036356E+00
2.720000E+00,-9.074541E+00
2.730000E+00,-9.112762E+00
2.740000E+00,-9.151020E+00
2.750000E+00,-9.189315E+00
2.760000E+00,-9.227645E+00
2.770000E+00,-9.266013E+00
2.780000E+00,-9.304418E+00
2.790000E+00,-9.342860E+00
2.800000E+00,-9.381338E+00
2.810000E+00,-9.419853E+00
2.820000E+00,-9.458405E+00
2.830000E+00,-9.496993E+00
2.840000E+00,-9.535619E+00
2.850000E+00,-9.574280E+00
2.860000E+00,-9.612980E+00
2.870000E+00,-9.651715E+00
2.880000E+00,-9.690489E+00
2.890000E+00,-9.729298E+00
2.900000E+00,-9.768146E+00
2.910000E+00,-9.807029E+00
2.920000E+00,-9.845949E+00
2.930000E+00,-9.884906E+00
2.940000E+00,-9.923901E+00
2.950000E+00,-9.962931E+00
2.960000E+00,-1.000200E+01
2.970000E+00,-1.004110E+01
2.980000E+00,-1.008025E+01
2.990000E+00,-1.011942E+01
3.000000E+00,-1.015864E+01
3.010000E+00,-1.019789E+01
3.020000E+00,-1.023718E+01
3.030000E+00,-1.027651E+01
3.040000E+00,-1.031587E+01
3.050000E+00,-1.035527E+01
3.060000E+00,-1.039471E+01
3.070000E+00,-1.043418E+01
3.080000E+00,-1.047369E+01
3.090000E+00,-1.051324E+01
3.100000E+00,-1.055283E+01
3.110000E+00,-1.059245E+01
3.120000E+00,-1.063211E+01
3.130000E+00,-1.067180E+01
3.140000E+00,-1.071154E+01
3.150000E+00,-1.075131E+01
3.160000E+00,-1.079111E+01
3.170000E+00,-1.083096E+01
3.180000E+00,-1.087084E+01
3.190000E+00,-1.091076E+01
3.200000E+00,-1.095071E+01
3.210000E+00,-1.099070E+01
3.220000E+00,-1.103073E+01
3.230000E+00,-1.107080E+01
3.240000E+00,-1.111090E+01
3.250000E+00,-1.115104E+01
3.260000E+00,-1.119121E+01
3.270000E+00,-1.123143E+01
3.280000E+00,-1.127168E+01
3.290000E+00,-1.131197E+01
3.300000E+00,-1.135229E+01
3.310000E+00,-1.139265E+01
3.320000E+00,-1.143305E+01
3.330000E+00,-1.147349E+01
3.340000E+00,-1.151396E+01
3.350000E+00,-1.155447E+01
3.360000E+00,-1.159502E+01
3.370000E+00,-1.163560E+01
3.380000E+00,-1.167622E+01
3.390000E+00,-1.171688E+01
3.400000E+00,-1.175758E+01
3.410000E+00,-1.179831E+01
3.420000E+00,-1.183908E+01
3.430000E+00,-1.187988E+01
3.440000E+00,-1.192073E+01
3.450000E+00,-1.196161E+01
3.460000E+00,-1.200252E+01
3.470000E+00,-1.204348E+01
3.480000E+00,-1.208447E+01
3.490000E+00,-1.212550E+01
3.500000E+00,-1.216656E+01
3.510000E+00,-1.220766E+01
3.520000E+00,-1.224880E+01
3.530000E+00,-1.228998E+01
3.540000E+00,-1.233119E+01
3.550000E+00,-1.237244E+01
3.560000E+00,-1.241373E+01
3.570000E+00,-1.245505E+01
3.580000E+00,-1.249641E+01
3.590000E+00,-1.253781E+01
3.600000E+00,-1.257925E+01
3.610000E+00,-1.262072E+01
3.620000E+00,-1.266223E+01
3.630000E+00,-1.270378E+01
3.640000E+00,-1.274536E+01
3.650000E+00,-1.278698E+01
3.660000E+00,-1.282864E+01
3.670000E+00,-1.287033E+01
3.680000E+00,-1.291206E+01
3.690000E+00,-1.295383E+01
3.700000E+00,-1.299563E+01
3.710000E+00,-1.303748E+01
3.720000E+00,-1.307936E+01
3.730000E+00,-1.312127E+01
3.740000E+00,-1.316322E+01
3.750000E+00,-1.320521E+01
3.760000E+00,-1.324724E+01
3.770000E+00,-1.328930E+01
3.780000E+00,-1.333140E+01
3.790000E+00,-1.337354E+01
3.800000E+00,-1.341571E+01
3.810000E+00,-1.345793E+01
3.820000E+00,-1.350017E+01
3.830000E+00,-1.354246E+01
3.840000E+00,-1.358478E+01
3.850000E+00,-1.362714E+01
3.860000E+00,-1.366953E+01
3.870000E+00,-1.371197E+01
3.880000E+00,-1.375444E+01
3.890000E+00,-1.379694E+01
3.900000E+00,-1.383948E+01
3.910000E+00,-1.388207E+01
3.920000E+00,-1.392468E+01
3.930000E+00,-1.396733E+01
3.940000E+00,-1.401003E+01
3.950000E+00,-1.405275E+01
3.960000E+00,-1.409552E+01
3.970000E+00,-1.413832E+01
3.980000E+00,-1.418115E+01
3.990000E+00,-1.422403E+01
4.000000E+00,-1.426694E+01
4.010000E+00,-1.430989E+01
4.020000E+00,-1.435287E+01
4.030000E+00,-1.439589E+01
4.040000E+00,-1.443895E+01
4.050000E+00,-1.448204E+01
4.060000E+00,-1.452517E+01
4.070000E+00,-1.456834E+01
4.080000E+00,-1.461155E+01
4.090000E+00,-1.465479E+01
4.100000E+00,-1.469807E+01
4.110000E+00,-1.474138E+01
4.120000E+00,-1.478473E+01
4.130000E+00,-1.482812E+01
4.140000E+00,-1.487154E+01
4.150000E+00,-1.491500E+01
4.160000E+00,-1.495850E+01
4.170000E+00,-1.500203E+01
4.180000E+00,-1.504561E+01
4.190000E+00,-1.508921E+01
4.200000E+00,-1.513286E+01
4.210000E+00,-1.517654E+01
4.220000E+00,-1.522025E+01
4.230000E+00,-1.526401E+01
4.240000E+00,-1.530780E+01
4.250000E+00,-1.535162E+01
4.260000E+00,-1.539549E+01
4.270000E+00,-1.543939E+01
4.280000E+00,-1.548332E+01
4.290000E+00,-1.552729E+01
4.300000E+00,-1.557130E+01
4.310000E+00,-1.561535E+01
4.320000E+00,-1.565943E+01
4.330000E+00,-1.570354E+01
4.340000E+00,-1.574770E+01
4.350000E+00,-1.579189E+01
4.360000E+00,-1.583611E+01
4.370000E+00,-1.588038E+01
4.380000E+00,-1.592468E+01
4.390000E+00,-1.596901E+01
4.400000E+00,-1.601338E+01
4.410000E+00,-1.605779E+01
4.420000E+00,-1.610224E+01
4.430000E+00,-1.614671E+01
4.440000E+00,-1.619123E+01
4.450000E+00,-1.623578E+01
4.460000E+00,-1.628037E+01
4.470000E+00,-1.632500E+01
4.480000E+00,-1.636966E+01
4.490000E+00,-1.641436E+01
4.500000E+00,-1.645909E+01
4.510000E+00,-1.650386E+01
4.520000E+00,-1.654866E+01
4.530000E+00,-1.659351E+01
4.540000E+00,-1.663838E+01
4.550000E+00,-1.668329E+01
4.560000E+00,-1.672824E+01
4.570000E+00,-1.677323E+01
4.580000E+00,-1.681825E+01
4.590000E+00,-1.686330E+01
4.600000E+00,-1.690840E+01
4.610000E+00,-1.695352E+01
4.620000E+00,-1.699869E+01
4.630000E+00,-1.704389E+01
4.640000E+00,-1.708913E+01
4.650000E+00,-1.713440E+01
4.660000E+00,-1.717971E+01
4.670000E+00,-1.722505E+01
4.680000E+00,-1.727043E+01
4.690000E+00,-1.731584E+01
4.700000E+00,-1.736129E+01
4.710000E+00,-1.740678E+01
4.720000E+00,-1.745230E+01
4.730000E+00,-1.749786E+01
4.740000E+00,-1.754345E+01
4.750000E+00,-1.758908E+01
4.760000E+00,-1.763474E+01
4.770000E+00,-1.768044E+01
4.780000E+00,-1.772617E+01
4.790000E+00,-1.777194E+01
4.800000E+00,-1.781775E+01
4.810000E+00,-1.786359E+01
4.820000E+00,-1.790947E+01
4.830000E+00,-1.795538E+01
4.840000E+00,-1.800133E+01
4.850000E+00,-1.804731E+01
4.860000E+00,-1.809333E+01
4.870000E+00,-1.813938E+01
4.880000E+00,-1.818547E+01
4.890000E+00,-1.823159E+01
4.900000E+00,-1.827775E+01
4.910000E+00,-1.832394E+01
4.920000E+00,-1.837017E+01
4.930000E+00,-1.841643E+01
4.940000E+00,-1.846273E+01
4.950000E+00,-1.850907E+01
4.960000E+00,-1.855544E+01
4.970000E+00,-1.860184E+01
4.980000E+00,-1.864828E+01
4.990000E+00,-1.869475E+01
5.000000E+00,-1.874126E+01
5.010000E+00,-1.878780E+01
5.020000E+00,-1.883438E+01
5.030000E+00,-1.888100E+01
5.040000E+00,-1.892764E+01
5.050000E+00,-1.897433E+01
5.060000E+00,-1.902105E+01
5.070000E+00,-1.906780E+01
5.080000E+00,-1.911458E+01
5.090000E+00,-1.916141E+01
5.100000E+00,-1.920826E+01
5.110000E+00,-1.925515E+01
5.120000E+00,-1.930208E+01
5.130000E+00,-1.934904E+01
5.140000E+00,-1.939603E+01
5.150000E+00,-1.944306E+01
5.160000E+00,-1.949012E+01
5.170000E+00,-1.953722E+01
5.180000E+00,-1.958435E+01
5.190000E+00,-1.963152E+01
5.200000E+00,-1.967872E+01
5.210000E+00,-1.972595E+01
5.220000E+00,-1.977322E+01
5.230000E+00,-1.982052E+01
5.240000E+00,-1.986786E+01
5.250000E+00,-1.991523E+01
5.260000E+00,-1.996264E+01
5.270000E+00,-2.001008E+01
5.280000E+00,-2.005755E+01
5.290000E+00,-2.010506E+01
5.300000E+00,-2.015260E+01
5.310000E+00,-2.020017E+01
5.320000E+00,-2.024778E+01
5.330000E+00,-2.029543E+01
5.340000E+00,-2.034310E+01
5.350000E+00,-2.039081E+01
5.360000E+00,-2.043855E+01
5.370000E+00,-2.048633E+01
5.380000E+00,-2.053414E+01
5.390000E+00,-2.058199E+01
5.400000E+00,-2.062987E+01
5.410000E+00,-2.067778E+01
5.420000E+00,-2.072573E+01
5.430000E+00,-2.077370E+01
5.440000E+00,-2.082172E+01
5.450000E+00,-2.086976E+01
5.460000E+00,-2.091784E+01
5.470000E+00,-2.096595E+01
5.480000E+00,-2.101410E+01
5.490000E+00,-2.106228E+01
5.500000E+00,-2.111049E+01
5.510000E+00,-2.115874E+01
5.520000E+00,-2.120701E+01
5.530000E+00,-2.125532E+01
5.540000E+00,-2.130367E+01
5.550000E+00,-2.135205E+01
5.560000E+00,-2.140046E+01
5.570000E+00,-2.144890E+01
5.580000E+00,-2.149738E+01
5.590000E+00,-2.154589E+01
5.600000E+00,-2.159443E+01
5.610000E+00,-2.164300E+01
5.620000E+00,-2.169161E+01
5.630000E+00,-2.174025E+01
5.640000E+00,-2.178892E+01
5.650000E+00,-2.183762E+01
5.660000E+00,-2.188636E+01
5.670000E+00,-2.193513E+01
5.680000E+00,-2.198393E+01
5.690000E+00,-2.203277E+01
5.700000E+00,-2.208163E+01
5.710000E+00,-2.213053E+01
5.720000E+00,-2.217947E+01
5.730000E+00,-2.222843E+01
5.740000E+00,-2.227742E+01
5.750000E+00,-2.232645E+01
5.760000E+00,-2.237551E+01
5.770000E+00,-2.242460E+01
5.780000E+00,-2.247373E+01
5.790000E+00,-2.252288E+01
5.800000E+00,-2.257207E+01
5.810000E+00,-2.262129E+01
5.820000E+00,-2.267054E+01
5.830000E+00,-2.271982E+01
5.840000E+00,-2.276914E+01
5.850000E+00,-2.281848E+01
5.860000E+00,-2.286786E+01
5.870000E+00,-2.291727E+01
5.880000E+00,-2.296671E+01
5.890000E+00,-2.301618E+01
5.900000E+00,-2.306569E+01
5.910000E+00,-2.311522E+01
5.920000E+00,-2.316479E+01
5.930000E+00,-2.321438E+01
5.940000E+00,-2.326401E+01
5.950000E+00,-2.331367E+01
5.960000E+00,-2.336336E+01
5.970000E+00,-2.341309E+01
5.980000E+00,-2.346284E+01
5.990000E+00,-2.351262E+01
6.000000E+00,-2.356244E+01
6.010000E+00,-2.361229E+01
6.020000E+00,-2.366216E+01
6.030000E+00,-2.371207E+01
6.040000E+00,-2.376201E+01
6.050000E+00,-2.381197E+01
6.060000E+00,-2.386197E+01
6.070000E+00,-2.391200E+01
6.080000E+00,-2.396206E+01
6.090000E+00,-2.401215E+01
6.100000E+00,-2.406227E+01
6.110000E+00,-2.411242E+01
6.120000E+00,-2.416260E+01
6.130000E+00,-2.421282E+01
6.140000E+00,-2.426305E+01
6.150000E+00,-2.431333E+01
6.160000E+00,-2.436363E+01
6.170000E+00,-2.441396E+01
6.180000E+00,-2.446432E+01
6.190000E+00,-2.451471E+01
6.200000E+00,-2.456513E+01
6.210000E+00,-2.461558E+01
6.220000E+00,-2.466606E+01
6.230000E+00,-2.471657E+01
6.240000E+00,-2.476711E+01
6.250000E+00,-2.481768E+01
6.260000E+00,-2.486828E+01
6.270000E+00,-2.491891E+01
6.280000E+00,-2.496956E+01
6.290000E+00,-2.502025E+01
6.300000E+00,-2.507097E+01
6.310000E+00,-2.512171E+01
6.320000E+00,-2.517249E+01
6.330000E+00,-2.522329E+01
6.340000E+00,-2.527412E+01
6.350000E+00,-2.532498E+01
6.360000E+00,-2.537587E+01
6.370000E+00,-2.542679E+01
6.380000E+00,-2.547773E+01
6.390000E+00,-2.552871E+01
6.400000E+00,-2.557971E+01
6.410000E+00,-2.563075E+01
6.420000E+00,-2.568181E+01
6.430000E+00,-2.573290E+01
6.440000E+00,-2.578401E+01
6.450000E+00,-2.583516E+01
6.460000E+00,-2.588633E+01
6.470000E+00,-2.593754E+01
6.480000E+00,-2.598877E+01
6.490000E+00,-2.604003E+01
6.500000E+00,-2.609131E+01
6.510000E+00,-2.614263E+01
6.520000E+00,-2.619397E+01
6.530000E+00,-2.624534E+01
6.540000E+00,-2.629674E+01
6.550000E+00,-2.634816E+01
6.560000E+00,-2.639962E+01
6.570000E+00,-2.645110E+01
6.580000E+00,-2.650261E+01
6.590000E+00,-2.655414E+01
6.600000E+00,-2.660570E+01
6.610000E+00,-2.665729E+01
6.620000E+00,-2.670891E+01
6.630000E+00,-2.676056E+01
6.640000E+00,-2.681223E+01
6.650000E+00,-2.686392E+01
6.660000E+00,-2.691565E+01
6.670000E+00,-2.696740E+01
6.680000E+00,-2.701918E+01
6.690000E+00,-2.707099E+01
6.700000E+00,-2.712282E+01
6.710000E+00,-2.717468E+01
6.720000E+00,-2.722656E+01
6.730000E+00,-2.727848E+01
6.740000E+00,-2.733041E+01
6.750000E+00,-2.738238E+01
6.760000E+00,-2.743437E+01
6.770000E+00,-2.748639E+01
6.780000E+00,-2.753843E+01
6.790000E+00,-2.759050E+01
6.800000E+00,-2.764259E+01
6.810000E+00,-2.769471E+01
6.820000E+00,-2.774686E+01
6.830000E+00,-2.779903E+01
6.840000E+00,-2.785123E+01
6.850000E+00,-2.790345E+01
6.860000E+00,-2.795570E+01
6.870000E+00,-2.800797E+01
6.880000E+00,-2.806027E+01
6.890000E+00,-2.811260E+01
6.900000E+00,-2.816495E+01
6.910000E+00,-2.821732E+01
6.920000E+00,-2.826972E+01
6.930000E+00,-2.832215E+01
6.940000E+00,-2.837460E+01
6.950000E+00,-2.842707E+01
6.960000E+00,-2.847957E+01
6.970000E+00,-2.853210E+01
6.980000E+00,-2.858464E+01
6.990000E+00,-2.863722E+01
7.000000E+00,-2.868981E+01
7.010000E+00,-2.874244E+01
7.020000E+00,-2.879509E+01
7.030000E+00,-2.884776E+01
7.040000E+00,-2.890045E+01
7.050000E+00,-2.895317E+01
7.060000E+00,-2.900592E+01
7.070000E+00,-2.905868E+01
7.080000E+00,-2.911147E+01
7.090000E+00,-2.916429E+01
7.100000E+00,-2.921713E+01
7.110000E+00,-2.926998E+01
7.120000E+00,-2.932287E+01
7.130000E+00,-2.937578E+01
7.140000E+00,-2.942871E+01
7.150000E+00,-2.948167E+01
7.160000E+00,-2.953465E+01
7.170000E+00,-2.958765E+01
7.180000E+00,-2.964068E+01
7.190000E+00,-2.969372E+01
7.200000E+00,-2.974679E+01
7.210000E+00,-2.979989E+01
7.220000E+00,-2.985300E+01
7.230000E+00,-2.990614E+01
7.240000E+00,-2.995930E+01
7.250000E+00,-3.001249E+01
7.260000E+00,-3.006569E+01
7.270000E+00,-3.011893E+01
7.280000E+00,-3.017217E+01
7.290000E+00,-3.022545E+01
7.300000E+00,-3.027874E+01
7.310000E+00,-3.033206E+01
7.320000E+00,-3.038540E+01
7.330000E+00,-3.043876E+01
7.340000E+00,-3.049214E+01
7.350000E+00,-3.054555E+01
7.360000E+00,-3.059897E+01
7.370000E+00,-3.065242E+01
7.380000E+00,-3.070589E+01
7.390000E+00,-3.075938E+01
7.400000E+00,-3.081289E+01
7.410000E+00,-3.086642E+01
7.420000E+00,-3.091998E+01
7.430000E+00,-3.097355E+01
7.440000E+00,-3.102715E+01
7.450000E+00,-3.108076E+01
7.460000E+00,-3.113440E+01
7.470000E+00,-3.118806E+01
7.480000E+00,-3.124173E+01
7.490000E+00,-3.129543E+01
7.500000E+00,-3.134915E+01
7.510000E+00,-3.140289E+01
7.520000E+00,-3.145665E+01
7.530000E+00,-3.151043E+01
7.540000E+00,-3.156423E+01
7.550000E+00,-3.161805E+01
7.560000E+00,-3.167189E+01
7.570000E+00,-3.172575E+01
7.580000E+00,-3.177963E+01
7.590000E+00,-3.183353E+01
7.600000E+00,-3.188745E+01
7.610000E+00,-3.194139E+01
7.620000E+00,-3.199534E+01
7.630000E+00,-3.204932E+01
7.640000E+00,-3.210331E+01
7.650000E+00,-3.215733E+01
7.660000E+00,-3.221136E+01
7.670000E+00,-3.226541E+01
7.680000E+00,-3.231948E+01
7.690000E+00,-3.237358E+01
7.700000E+00,-3.242768E+01
7.710000E+00,-3.248181E+01
7.720000E+00,-3.253595E+01
7.730000E+00,-3.259012E+01
7.740000E+00,-3.264430E+01
7.750000E+00,-3.269850E+01
7.760000E+00,-3.275272E+01
7.770000E+00,-3.280695E+01
7.780000E+00,-3.286121E+01
7.790000E+00,-3.291548E+01
7.800000E+00,-3.296977E+01
7.810000E+00,-3.302408E+01
7.820000E+00,-3.307840E+01
7.830000E+00,-3.313274E+01
7.840000E+00,-3.318710E+01
7.850000E+00,-3.324148E+01
7.860000E+00,-3.329587E+01
7.870000E+00,-3.335028E+01
7.880000E+00,-3.340471E+01
7.890000E+00,-3.345915E+01
7.900000E+00,-3.351362E+01
7.910000E+00,-3.356809E+01
7.920000E+00,-3.362259E+01
7.930000E+00,-3.367710E+01
7.940000E+00,-3.373163E+01
7.950000E+00,-3.378617E+01
7.960000E+00,-3.384073E+01
7.970000E+00,-3.389530E+01
7.980000E+00,-3.394990E+01
7.990000E+00,-3.400450E+01
8.000000E+00,-3.405913E+01
8.010000E+00,-3.411377E+01
8.020000E+00,-3.416843E+01
8.030000E+00,-3.422309E+01
8.040000E+00,-3.427778E+01
8.050000E+00,-3.433248E+01
8.060000E+00,-3.438720E+01
8.070000E+00,-3.444193E+01
8.080000E+00,-3.449668E+01
8.090000E+00,-3.455144E+01
8.100000E+00,-3.460621E+01
8.110000E+00,-3.466100E+01
8.120000E+00,-3.471581E+01
8.130000E+00,-3.477063E+01
8.140000E+00,-3.482547E+01
8.150000E+00,-3.488032E+01
8.160000E+00,-3.493518E+01
8.170000E+00,-3.499006E+01
8.180000E+00,-3.504495E+01
8.190000E+00,-3.509985E+01
8.200000E+00,-3.515477E+01
8.210000E+00,-3.520971E+01
8.220000E+00,-3.526465E+01
8.230000E+00,-3.531961E+01
8.240000E+00,-3.537459E+01
8.250000E+00,-3.542958E+01
8.260000E+00,-3.548457E+01
8.270000E+00,-3.553959E+01
8.280000E+00,-3.559462E+01
8.290000E+00,-3.564966E+01
8.300000E+00,-3.570471E+01
8.310000E+00,-3.575977E+01
8.320000E+00,-3.581485E+01
8.330000E+00,-3.586994E+01
8.340000E+00,-3.592505E+01
8.350000E+00,-3.598016E+01
8.360000E+00,-3.603529E+01
8.370000E+00,-3.609043E+01
8.380000E+00,-3.614558E+01
8.390000E+00,-3.620074E+01
8.400000E+00,-3.625592E+01
8.410000E+00,-3.631111E+01
8.420000E+00,-3.636631E+01
8.430000E+00,-3.642152E+01
8.440000E+00,-3.647674E+01
8.450000E+00,-3.653197E+01
8.460000E+00,-3.658722E+01
8.470000E+00,-3.664247E+01
8.480000E+00,-3.669774E+01
8.490000E+00,-3.675302E+01
8.500000E+00,-3.680831E+01
8.510000E+00,-3.686361E+01
8.520000E+00,-3.691892E+01
8.530000E+00,-3.697424E+01
8.540000E+00,-3.702957E+01
8.550000E+00,-3.708491E+01
8.560000E+00,-3.714026E+01
8.570000E+00,-3.719562E+01
8.580000E+00,-3.725100E+01
8.590000E+00,-3.730638E+01
8.600000E+00,-3.736177E+01
8.610000E+00,-3.741717E+01
8.620000E+00,-3.747258E+01
8.630000E+00,-3.752800E+01
8.640000E+00,-3.758343E+01
8.650000E+00,-3.763887E+01
8.660000E+00,-3.769432E+01
8.670000E+00,-3.774978E+01
8.680000E+00,-3.780524E+01
8.690000E+00,-3.786072E+01
8.700000E+00,-3.791620E+01
8.710000E+00,-3.797169E+01
8.720000E+00,-3.802720E+01
8.730000E+00,-3.808270E+01
8.740000E+00,-3.813822E+01
8.750000E+00,-3.819375E+01
8.760000E+00,-3.824928E+01
8.770000E+00,-3.830482E+01
8.780000E+00,-3.836038E+01
8.790000E+00,-3.841593E+01
8.800000E+00,-3.847150E+01
8.810000E+00,-3.852707E+01
8.820000E+00,-3.858265E+01
8.830000E+00,-3.863824E+01
8.840000E+00,-3.869384E+01
8.850000E+00,-3.874944E+01
8.860000E+00,-3.880505E+01
8.870000E+00,-3.886067E+01
8.880000E+00,-3.891629E+01
8.890000E+00,-3.897192E+01
8.900000E+00,-3.902756E+01
8.910000E+00,-3.908320E+01
8.920000E+00,-3.913885E+01
8.930000E+00,-3.919451E+01
8.940000E+00,-3.925017E+01
8.950000E+00,-3.930584E+01
8.960000E+00,-3.936151E+01
8.970000E+00,-3.941719E+01
8.980000E+00,-3.947288E+01
8.990000E+00,-3.952857E+01
9.000000E+00,-3.958427E+01
9.010000E+00,-3.963997E+01
9.020000E+00,-3.969568E+01
9.030000E+00,-3.975140E+01
9.040000E+00,-3.980711E+01
9.050000E+00,-3.986284E+01
9.060000E+00,-3.991857E+01
9.070000E+00,-3.997430E+01
9.080000E+00,-4.003004E+01
9.090000E+00,-4.008579E+01
9.100000E+00,-4.014153E+01
9.110000E+00,-4.019728E+01
9.120000E+00,-4.025304E+01
9.130000E+00,-4.030880E+01
9.140000E+00,-4.036457E+01
9.150000E+00,-4.042033E+01
9.160000E+00,-4.047611E+01
9.170000E+00,-4.053188E+01
9.180000E+00,-4.058766E+01
9.190000E+00,-4.064345E+01
9.200000E+00,-4.069923E+01
9.210000E+00,-4.075503E+01
9.220000E+00,-4.081082E+01
9.230000E+00,-4.086661E+01
9.240000E+00,-4.092241E+01
9.250000E+00,-4.097822E+01
9.260000E+00,-4.103402E+01
9.270000E+00,-4.108983E+01
9.280000E+00,-4.114564E+01
9.290000E+00,-4.120145E+01
9.300000E+00,-4.125727E+01
9.310000E+00,-4.131309E+01
9.320000E+00,-4.136891E+01
9.330000E+00,-4.142473E+01
9.340000E+00,-4.148056E+01
9.350000E+00,-4.153638E+01
9.360000E+00,-4.159220E+01
9.370000E+00,-4.164804E+01
9.380000E+00,-4.170386E+01
9.390000E+00,-4.175969E+01
9.400000E+00,-4.181553E+01
9.410000E+00,-4.187136E+01
9.420000E+00,-4.192720E+01
9.430000E+00,-4.198303E+01
9.440000E+00,-4.203887E+01
9.450000E+00,-4.209471E+01
9.460000E+00,-4.215055E+01
9.470000E+00,-4.220639E+01
9.480000E+00,-4.226223E+01
9.490000E+00,-4.231807E+01
9.500000E+00,-4.237391E+01
9.510000E+00,-4.242975E+01
9.520000E+00,-4.248559E+01
9.530000E+00,-4.254143E+01
9.540000E+00,-4.259727E+01
9.550000E+00,-4.265311E+01
9.560000E+00,-4.270895E+01
9.570000E+00,-4.276479E+01
9.580000E+00,-4.282062E+01
9.590000E+00,-4.287646E+01
9.600000E+00,-4.293230E+01
9.610000E+00,-4.298813E+01
9.620000E+00,-4.304397E+01
9.630000E+00,-4.309980E+01
9.640000E+00,-4.315563E+01
9.650000E+00,-4.321146E+01
9.660000E+00,-4.326729E+01
9.670000E+00,-4.332312E+01
9.680000E+00,-4.337894E+01
9.690000E+00,-4.343476E+01
9.700000E+00,-4.349058E+01
9.710000E+00,-4.354641E+01
9.720000E+00,-4.360222E+01
9.730000E+00,-4.365804E+01
9.740000E+00,-4.371385E+01
9.750000E+00,-4.376966E+01
9.760000E+00,-4.382547E+01
9.770000E+00,-4.388127E+01
9.780000E+00,-4.393708E+01
9.790000E+00,-4.399287E+01
9.800000E+00,-4.404867E+01
9.810000E+00,-4.410446E+01
9.820000E+00,-4.416025E+01
9.830000E+00,-4.421604E+01
9.840000E+00,-4.427182E+01
9.850000E+00,-4.432760E+01
9.860000E+00,-4.438338E+01
9.870000E+00,-4.443915E+01
9.880000E+00,-4.449492E+01
9.890000E+00,-4.455068E+01
9.900000E+00,-4.460644E+01
9.910000E+00,-4.466219E+01
9.920000E+00,-4.471795E+01
9.930000E+00,-4.477369E+01
9.940000E+00,-4.482944E+01
9.950000E+00,-4.488517E+01
9.960000E+00,-4.494091E+01
9.970000E+00,-4.499664E+01
9.980000E+00,-4.505236E+01
9.990000E+00,-4.510808E+01
1.000000E+01,-4.516379E+01
1.001000E+01,-4.521950E+01
1.002000E+01,-4.527520E+01
1.003000E+01,-4.533090E+01
1.004000E+01,-4.538659E+01
1.005000E+01,-4.544228E+01
1.006000E+01,-4.549795E+01
1.007000E+01,-4.555363E+01
1.008000E+01,-4.560930E+01
1.009000E+01,-4.566496E+01
1.010000E+01,-4.572061E+01
1.011000E+01,-4.577627E+01
1.012000E+01,-4.583191E+01
1.013000E+01,-4.588754E+01
1.014000E+01,-4.594317E+01
1.015000E+01,-4.599879E+01
1.016000E+01,-4.605441E+01
1.017000E+01,-4.611002E+01
1.018000E+01,-4.616562E+01
1.019000E+01,-4.622122E+01
1.020000E+01,-4.627680E+01
1.021000E+01,-4.633238E+01
1.022000E+01,-4.638796E+01
1.023000E+01,-4.644352E+01
1.024000E+01,-4.649908E+01
1.025000E+01,-4.655463E+01
1.026000E+01,-4.661017E+01
1.027000E+01,-4.666571E+01
1.028000E+01,-4.672123E+01
1.029000E+01,-4.677675E+01
1.030000E+01,-4.683226E+01
1.031000E+01,-4.688776E+01
1.032000E+01,-4.694325E+01
1.033000E+01,-4.699873E+01
1.034000E+01,-4.705421E+01
1.035000E+01,-4.710968E+01
1.036000E+01,-4.716514E+01
1.037000E+01,-4.722058E+01
1.038000E+01,-4.727602E+01
1.039000E+01,-4.733145E+01
1.040000E+01,-4.738687E+01
1.041000E+01,-4.744228E+01
1.042000E+01,-4.749768E+01
1.043000E+01,-4.755308E+01
1.044000E+01,-4.760846E+01
1.045000E+01,-4.766383E+01
1.046000E+01,-4.771919E+01
1.047000E+01,-4.777455E+01
1.048000E+01,-4.782989E+01
1.049000E+01,-4.788522E+01
1.050000E+01,-4.794054E+01
1.051000E+01,-4.799585E+01
1.052000E+01,-4.805116E+01
1.053000E+01,-4.810645E+01
1.054000E+01,-4.816172E+01
1.055000E+01,-4.821699E+01
1.056000E+01,-4.827225E+01
1.057000E+01,-4.832750E+01
1.058000E+01,-4.838273E+01
1.059000E+01,-4.843796E+01
1.060000E+01,-4.849317E+01
1.061000E+01,-4.854836E+01
1.062000E+01,-4.860356E+01
1.063000E+01,-4.865874E+01
1.064000E+01,-4.871390E+01
1.065000E+01,-4.876906E+01
1.066000E+01,-4.882420E+01
1.067000E+01,-4.887933E+01
1.068000E+01,-4.893445E+01
1.069000E+01,-4.898955E+01
1.070000E+01,-4.904464E+01
1.071000E+01,-4.909973E+01
1.072000E+01,-4.915480E+01
1.073000E+01,-4.920985E+01
1.074000E+01,-4.926490E+01
1.075000E+01,-4.931993E+01
1.076000E+01,-4.937494E+01
1.077000E+01,-4.942994E+01
1.078000E+01,-4.948494E+01
1.079000E+01,-4.953992E+01
1.080000E+01,-4.959488E+01
1.081000E+01,-4.964983E+01
1.082000E+01,-4.970477E+01
1.083000E+01,-4.975969E+01
1.084000E+01,-4.981460E+01
1.085000E+01,-4.986950E+01
1.086000E+01,-4.992438E+01
1.087000E+01,-4.997925E+01
1.088000E+01,-5.003411E+01
1.089000E+01,-5.008895E+01
1.090000E+01,-5.014377E+01
1.091000E+01,-5.019858E+01
1.092000E+01,-5.025338E+01
1.093000E+01,-5.030816E+01
1.094000E+01,-5.036293E+01
1.095000E+01,-5.041768E+01
1.096000E+01,-5.047243E+01
1.097000E+01,-5.052714E+01
1.098000E+01,-5.058186E+01
1.099000E+01,-5.063655E+01
1.100000E+01,-5.069123E+01
1.101000E+01,-5.074589E+01
1.102000E+01,-5.080054E+01
1.103000E+01,-5.085517E+01
1.104000E+01,-5.090978E+01
1.105000E+01,-5.096438E+01
1.106000E+01,-5.101897E+01
1.107000E+01,-5.107353E+01
1.108000E+01,-5.112809E+01
1.109000E+01,-5.118263E+01
1.110000E+01,-5.123714E+01
1.111000E+01,-5.129165E+01
1.112000E+01,-5.134614E+01
1.113000E+01,-5.140061E+01
1.114000E+01,-5.145507E+01
1.115000E+01,-5.150950E+01
1.116000E+01,-5.156393E+01
1.117000E+01,-5.161833E+01
1.118000E+01,-5.167272E+01
1.119000E+01,-5.172709E+01
1.120000E+01,-5.178145E+01
1.121000E+01,-5.183578E+01
1.122000E+01,-5.189010E+01
1.123000E+01,-5.194440E+01
1.124000E+01,-5.199869E+01
1.125000E+01,-5.205295E+01
1.126000E+01,-5.210721E+01
1.127000E+01,-5.216144E+01
1.128000E+01,-5.221565E+01
1.129000E+01,-5.226985E+01
1.130000E+01,-5.232403E+01
1.131000E+01,-5.237819E+01
1.132000E+01,-5.243233E+01
1.133000E+01,-5.248646E+01
1.134000E+01,-5.254056E+01
1.135000E+01,-5.259465E+01
1.136000E+01,-5.264871E+01
1.137000E+01,-5.270276E+01
1.138000E+01,-5.275680E+01
1.139000E+01,-5.281081E+01
1.140000E+01,-5.286480E+01
1.141000E+01,-5.291878E+01
1.142000E+01,-5.297273E+01
1.143000E+01,-5.302667E+01
1.144000E+01,-5.308059E+01
1.145000E+01,-5.313449E+01
1.146000E+01,-5.318837E+01
1.147000E+01,-5.324223E+01
1.148000E+01,-5.329607E+01
1.149000E+01,-5.334989E+01
1.150000E+01,-5.340369E+01
1.151000E+01,-5.345747E+01
1.152000E+01,-5.351123E+01
1.153000E+01,-5.356497E+01
1.154000E+01,-5.361870E+01
1.155000E+01,-5.367240E+01
1.156000E+01,-5.372608E+01
1.157000E+01,-5.377974E+01
1.158000E+01,-5.383338E+01
1.159000E+01,-5.388700E+01
1.160000E+01,-5.394060E+01
1.161000E+01,-5.399418E+01
1.162000E+01,-5.404774E+01
1.163000E+01,-5.410128E+01
1.164000E+01,-5.415479E+01
1.165000E+01,-5.420829E+01
1.166000E+01,-5.426176E+01
1.167000E+01,-5.431522E+01
1.168000E+01,-5.436865E+01
1.169000E+01,-5.442206E+01
1.170000E+01,-5.447545E+01
1.171000E+01,-5.452882E+01
1.172000E+01,-5.458217E+01
1.173000E+01,-5.463549E+01
1.174000E+01,-5.468880E+01
1.175000E+01,-5.474208E+01
1.176000E+01,-5.479534E+01
1.177000E+01,-5.484858E+01
1.178000E+01,-5.490180E+01
1.179000E+01,-5.495499E+01
1.180000E+01,-5.500817E+01
1.181000E+01,-5.506132E+01
1.182000E+01,-5.511444E+01
1.183000E+01,-5.516755E+01
1.184000E+01,-5.522063E+01
1.185000E+01,-5.527369E+01
1.186000E+01,-5.532673E+01
1.187000E+01,-5.537975E+01
1.188000E+01,-5.543275E+01
1.189000E+01,-5.548571E+01
1.190000E+01,-5.553866E+01
1.191000E+01,-5.559158E+01
1.192000E+01,-5.564449E+01
1.193000E+01,-5.569737E+01
1.194000E+01,-5.575022E+01
1.195000E+01,-5.580305E+01
1.196000E+01,-5.585587E+01
1.197000E+01,-5.590865E+01
1.198000E+01,-5.596141E+01
1.199000E+01,-5.601415E+01
1.200000E+01,-5.606687E+01
1.201000E+01,-5.611956E+01
1.202000E+01,-5.617223E+01
1.203000E+01,-5.622487E+01
1.204000E+01,-5.627749E+01
1.205000E+01,-5.633008E+01
1.206000E+01,-5.638266E+01
1.207000E+01,-5.643521E+01
1.208000E+01,-5.648773E+01
1.209000E+01,-5.654022E+01
1.210000E+01,-5.659270E+01
1.211000E+01,-5.664515E+01
1.212000E+01,-5.669758E+01
1.213000E+01,-5.674998E+01
1.214000E+01,-5.680236E+01
1.215000E+01,-5.685471E+01
1.216000E+01,-5.690704E+01
1.217000E+01,-5.695934E+01
1.218000E+01,-5.701162E+01
1.219000E+01,-5.706388E+01
1.220000E+01,-5.711610E+01
1.221000E+01,-5.716830E+01
1.222000E+01,-5.722048E+01
1.223000E+01,-5.727263E+01
1.224000E+01,-5.732477E+01
1.225000E+01,-5.737686E+01
1.226000E+01,-5.742894E+01
1.227000E+01,-5.748099E+01
1.228000E+01,-5.753302E+01
1.229000E+01,-5.758502E+01
1.230000E+01,-5.763700E+01
1.231000E+01,-5.768894E+01
1.232000E+01,-5.774087E+01
1.233000E+01,-5.779276E+01
1.234000E+01,-5.784464E+01
1.235000E+01,-5.789648E+01
1.236000E+01,-5.794830E+01
1.237000E+01,-5.800010E+01
1.238000E+01,-5.805186E+01
1.239000E+01,-5.810360E+01
1.240000E+01,-5.815532E+01
1.241000E+01,-5.820701E+01
1.242000E+01,-5.825867E+01
1.243000E+01,-5.831030E+01
1.244000E+01,-5.836191E+01
1.245000E+01,-5.841350E+01
1.246000E+01,-5.846505E+01
1.247000E+01,-5.851658E+01
1.248000E+01,-5.856808E+01
1.249000E+01,-5.861955E+01
1.250000E+01,-5.867100E+01
1.251000E+01,-5.872243E+01
1.252000E+01,-5.877382E+01
1.253000E+01,-5.882518E+01
1.254000E+01,-5.887652E+01
1.255000E+01,-5.892784E+01
1.256000E+01,-5.897912E+01
1.257000E+01,-5.903038E+01
1.258000E+01,-5.908161E+01
1.259000E+01,-5.913281E+01
1.260000E+01,-5.918399E+01
1.261000E+01,-5.923514E+01
1.262000E+01,-5.928626E+01
1.263000E+01,-5.933736E+01
1.264000E+01,-5.938842E+01
1.265000E+01,-5.943945E+01
1.266000E+01,-5.949047E+01
1.267000E+01,-5.954145E+01
1.268000E+01,-5.959240E+01
1.269000E+01,-5.964332E+01
1.270000E+01,-5.969423E+01
1.271000E+01,-5.974509E+01
1.272000E+01,-5.979593E+01
1.273000E+01,-5.984675E+01
1.274000E+01,-5.989753E+01
1.275000E+01,-5.994829E+01
1.276000E+01,-5.999902E+01
1.277000E+01,-6.004972E+01
1.278000E+01,-6.010038E+01
1.279000E+01,-6.015103E+01
1.280000E+01,-6.020164E+01
1.281000E+01,-6.025222E+01
1.282000E+01,-6.030278E+01
1.283000E+01,-6.035331E+01
1.284000E+01,-6.040381E+01
1.285000E+01,-6.045428E+01
1.286000E+01,-6.050472E+01
1.287000E+01,-6.055513E+01
1.288000E+01,-6.060552E+01
1.289000E+01,-6.065587E+01
1.290000E+01,-6.070619E+01
1.291000E+01,-6.075649E+01
1.292000E+01,-6.080676E+01
1.293000E+01,-6.085699E+01
1.294000E+01,-6.090720E+01
1.295000E+01,-6.095738E+01
1.296000E+01,-6.100753E+01
1.297000E+01,-6.105764E+01
1.298000E+01,-6.110774E+01
1.299000E+01,-6.115780E+01
1.300000E+01,-6.120782E+01
1.301000E+01,-6.125783E+01
1.302000E+01,-6.130780E+01
1.303000E+01,-6.135774E+01
1.304000E+01,-6.140766E+01
1.305000E+01,-6.145754E+01
1.306000E+01,-6.150739E+01
1.307000E+01,-6.155721E+01
1.308000E+01,-6.160700E+01
1.309000E+01,-6.165676E+01
1.310000E+01,-6.170649E+01
1.311000E+01,-6.175620E+01
1.312000E+01,-6.180587E+01
1.313000E+01,-6.185551E+01
1.314000E+01,-6.190512E+01
1.315000E+01,-6.195470E+01
1.316000E+01,-6.200425E+01
1.317000E+01,-6.205377E+01
1.318000E+01,-6.210327E+01
1.319000E+01,-6.215272E+01
1.320000E+01,-6.220215E+01
1.321000E+01,-6.225155E+01
1.322000E+01,-6.230092E+01
1.323000E+01,-6.235025E+01
1.324000E+01,-6.239956E+01
1.325000E+01,-6.244883E+01
1.326000E+01,-6.249808E+01
1.327000E+01,-6.254729E+01
1.328000E+01,-6.259648E+01
1.329000E+01,-6.264563E+01
1.330000E+01,-6.269475E+01
1.331000E+01,-6.274384E+01
1.332000E+01,-6.279290E+01
1.333000E+01,-6.284192E+01
1.334000E+01,-6.289092E+01
1.335000E+01,-6.293988E+01
1.336000E+01,-6.298882E+01
1.337000E+01,-6.303772E+01
1.338000E+01,-6.308660E+01
1.339000E+01,-6.313544E+01
1.340000E+01,-6.318425E+01
1.341000E+01,-6.323302E+01
1.342000E+01,-6.328177E+01
1.343000E+01,-6.333049E+01
1.344000E+01,-6.337917E+01
1.345000E+01,-6.342782E+01
1.346000E+01,-6.347644E+01
1.347000E+01,-6.352503E+01
1.348000E+01,-6.357359E+01
1.349000E+01,-6.362212E+01
1.350000E+01,-6.367061E+01
1.351000E+01,-6.371907E+01
1.352000E+01,-6.376750E+01
1.353000E+01,-6.381590E+01
1.354000E+01,-6.386427E+01
1.355000E+01,-6.391260E+01
1.356000E+01,-6.396090E+01
1.357000E+01,-6.400918E+01
1.358000E+01,-6.405741E+01
1.359000E+01,-6.410562E+01
1.360000E+01,-6.415379E+01
1.361000E+01,-6.420194E+01
1.362000E+01,-6.425005E+01
1.363000E+01,-6.429813E+01
1.364000E+01,-6.434618E+01
1.365000E+01,-6.439419E+01
1.366000E+01,-6.444217E+01
1.367000E+01,-6.449012E+01
1.368000E+01,-6.453804E+01
1.369000E+01,-6.458593E+01
1.370000E+01,-6.463378E+01
1.371000E+01,-6.468160E+01
1.372000E+01,-6.472939E+01
1.373000E+01,-6.477715E+01
1.374000E+01,-6.482486E+01
1.375000E+01,-6.487256E+01
1.376000E+01,-6.492022E+01
1.377000E+01,-6.496784E+01
1.378000E+01,-6.501544E+01
1.379000E+01,-6.506299E+01
1.380000E+01,-6.511052E+01
1.381000E+01,-6.515802E+01
1.382000E+01,-6.520548E+01
1.383000E+01,-6.525291E+01
1.384000E+01,-6.530030E+01
1.385000E+01,-6.534767E+01
1.386000E+01,-6.539500E+01
1.387000E+01,-6.544230E+01
1.388000E+01,-6.548956E+01
1.389000E+01,-6.553680E+01
1.390000E+01,-6.558400E+01
1.391000E+01,-6.563116E+01
1.392000E+01,-6.567830E+01
1.393000E+01,-6.572540E+01
1.394000E+01,-6.577246E+01
1.395000E+01,-6.581950E+01
1.396000E+01,-6.586650E+01
1.397000E+01,-6.591347E+01
1.398000E+01,-6.596041E+01
1.399000E+01,-6.600731E+01
1.400000E+01,-6.605417E+01
1.401000E+01,-6.610101E+01
1.402000E+01,-6.614781E+01
1.403000E+01,-6.619458E+01
1.404000E+01,-6.624132E+01
1.405000E+01,-6.628802E+01
1.406000E+01,-6.633469E+01
1.407000E+01,-6.638133E+01
1.408000E+01,-6.642793E+01
1.409000E+01,-6.647450E+01
1.410000E+01,-6.652103E+01
1.411000E+01,-6.656754E+01
1.412000E+01,-6.661401E+01
1.413000E+01,-6.666044E+01
1.414000E+01,-6.670684E+01
1.415000E+01,-6.675321E+01
1.416000E+01,-6.679954E+01
1.417000E+01,-6.684585E+01
1.418000E+01,-6.689212E+01
1.419000E+01,-6.693835E+01
1.420000E+01,-6.698455E+01
1.421000E+01,-6.703072E+01
1.422000E+01,-6.707685E+01
1.423000E+01,-6.712296E+01
1.424000E+01,-6.716902E+01
1.425000E+01,-6.721505E+01
1.426000E+01,-6.726105E+01
1.427000E+01,-6.730702E+01
1.428000E+01,-6.735295E+01
1.429000E+01,-6.739884E+01
1.430000E+01,-6.744471E+01
1.431000E+01,-6.749054E+01
1.432000E+01,-6.753633E+01
1.433000E+01,-6.758210E+01
1.434000E+01,-6.762782E+01
1.435000E+01,-6.767352E+01
1.436000E+01,-6.771918E+01
1.437000E+01,-6.776480E+01
1.438000E+01,-6.781040E+01
1.439000E+01,-6.785596E+01
1.440000E+01,-6.790148E+01
1.441000E+01,-6.794698E+01
1.442000E+01,-6.799243E+01
1.443000E+01,-6.803786E+01
1.444000E+01,-6.808325E+01
1.445000E+01,-6.812860E+01
1.446000E+01,-6.817392E+01
1.447000E+01,-6.821921E+01
1.448000E+01,-6.826446E+01
1.449000E+01,-6.830968E+01
1.450000E+01,-6.835486E+01
1.451000E+01,-6.840001E+01
1.452000E+01,-6.844513E+01
1.453000E+01,-6.849021E+01
1.454000E+01,-6.853526E+01
1.455000E+01,-6.858028E+01
1.456000E+01,-6.862525E+01
1.457000E+01,-6.867020E+01
1.458000E+01,-6.871511E+01
1.459000E+01,-6.875999E+01
1.460000E+01,-6.880484E+01
1.461000E+01,-6.884964E+01
1.462000E+01,-6.889442E+01
1.463000E+01,-6.893916E+01
1.464000E+01,-6.898387E+01
1.465000E+01,-6.902854E+01
1.466000E+01,-6.907318E+01
1.467000E+01,-6.911778E+01
1.468000E+01,-6.916235E+01
1.469000E+01,-6.920688E+01
1.470000E+01,-6.925138E+01
1.471000E+01,-6.929585E+01
1.472000E+01,-6.934028E+01
1.473000E+01,-6.938468E+01
1.474000E+01,-6.942904E+01
1.475000E+01,-6.947337E+01
1.476000E+01,-6.951766E+01
1.477000E+01,-6.956192E+01
1.478000E+01,-6.960615E+01
1.479000E+01,-6.965035E+01
1.480000E+01,-6.969450E+01
1.481000E+01,-6.973863E+01
1.482000E+01,-6.978271E+01
1.483000E+01,-6.982676E+01
1.484000E+01,-6.987078E+01
1.485000E+01,-6.991477E+01
1.486000E+01,-6.995872E+01
1.487000E+01,-7.000264E+01
1.488000E+01,-7.004652E+01
1.489000E+01,-7.009036E+01
1.490000E+01,-7.013418E+01
1.491000E+01,-7.017796E+01
1.492000E+01,-7.022170E+01
1.493000E+01,-7.026541E+01
1.494000E+01,-7.030909E+01
1.495000E+01,-7.035273E+01
1.496000E+01,-7.039633E+01
1.497000E+01,-7.043991E+01
1.498000E+01,-7.048344E+01
1.499000E+01,-7.052695E+01
1.500000E+01,-7.057042E+01
1.501000E+01,-7.061385E+01
1.502000E+01,-7.065724E+01
1.503000E+01,-7.070061E+01
1.504000E+01,-7.074394E+01
1.505000E+01,-7.078724E+01
1.506000E+01,-7.083050E+01
1.507000E+01,-7.087373E+01
1.508000E+01,-7.091692E+01
1.509000E+01,-7.096008E+01
1.510000E+01,-7.100320E+01
1.511000E+01,-7.104629E+01
1.512000E+01,-7.108934E+01
1.513000E+01,-7.113236E+01
1.514000E+01,-7.117535E+01
1.515000E+01,-7.121830E+01
1.516000E+01,-7.126121E+01
1.517000E+01,-7.130410E+01
1.518000E+01,-7.134695E+01
1.519000E+01,-7.138976E+01
1.520000E+01,-7.143253E+01
1.521000E+01,-7.147528E+01
1.522000E+01,-7.151799E+01
1.523000E+01,-7.156067E+01
1.524000E+01,-7.160330E+01
1.525000E+01,-7.164591E+01
1.526000E+01,-7.168849E+01
1.527000E+01,-7.173102E+01
1.528000E+01,-7.177353E+01
1.529000E+01,-7.181599E+01
1.530000E+01,-7.185842E+01
1.531000E+01,-7.190082E+01
1.532000E+01,-7.194318E+01
1.533000E+01,-7.198551E+01
1.534000E+01,-7.202781E+01
1.535000E+01,-7.207007E+01
1.536000E+01,-7.211230E+01
1.537000E+01,-7.215449E+01
1.538000E+01,-7.219664E+01
1.539000E+01,-7.223877E+01
1.540000E+01,-7.228086E+01
1.541000E+01,-7.232291E+01
1.542000E+01,-7.236494E+01
1.543000E+01,-7.240692E+01
1.544000E+01,-7.244887E+01
1.545000E+01,-7.249078E+01
1.546000E+01,-7.253266E+01
1.547000E+01,-7.257451E+01
1.548000E+01,-7.261632E+01
1.549000E+01,-7.265810E+01
1.550000E+01,-7.269984E+01
1.551000E+01,-7.274156E+01
1.552000E+01,-7.278323E+01
1.553000E+01,-7.282487E+01
1.554000E+01,-7.286648E+01
1.555000E+01,-7.290805E+01
1.556000E+01,-7.294959E+01
1.557000E+01,-7.299109E+01
1.558000E+01,-7.303256E+01
1.559000E+01,-7.307399E+01
1.560000E+01,-7.311539E+01
1.561000E+01,-7.315677E+01
1.562000E+01,-7.319809E+01
1.563000E+01,-7.323939E+01
1.564000E+01,-7.328065E+01
1.565000E+01,-7.332188E+01
1.566000E+01,-7.336307E+01
1.567000E+01,-7.340423E+01
1.568000E+01,-7.344536E+01
1.569000E+01,-7.348645E+01
1.570000E+01,-7.352750E+01
1.571000E+01,-7.356853E+01
1.572000E+01,-7.360952E+01
1.573000E+01,-7.365047E+01
1.574000E+01,-7.369139E+01
1.575000E+01,-7.373228E+01
1.576000E+01,-7.377313E+01
1.577000E+01,-7.381394E+01
1.578000E+01,-7.385473E+01
1.579000E+01,-7.389547E+01
1.580000E+01,-7.393619E+01
1.581000E+01,-7.397688E+01
1.582000E+01,-7.401751E+01
1.583000E+01,-7.405813E+01
1.584000E+01,-7.409871E+01
1.585000E+01,-7.413925E+01
1.586000E+01,-7.417976E+01
1.587000E+01,-7.422024E+01
1.588000E+01,-7.426068E+01
1.589000E+01,-7.430109E+01
1.590000E+01,-7.434146E+01
1.591000E+01,-7.438179E+01
1.592000E+01,-7.442210E+01
1.593000E+01,-7.446237E+01
1.594000E+01,-7.450261E+01
1.595000E+01,-7.454281E+01
1.596000E+01,-7.458298E+01
1.597000E+01,-7.462312E+01
1.598000E+01,-7.466322E+01
1.599000E+01,-7.470328E+01
1.600000E+01,-7.474332E+01
1.601000E+01,-7.478331E+01
1.602000E+01,-7.482328E+01
1.603000E+01,-7.486321E+01
1.604000E+01,-7.490311E+01
1.605000E+01,-7.494297E+01
1.606000E+01,-7.498280E+01
1.607000E+01,-7.502260E+01
1.608000E+01,-7.506236E+01
1.609000E+01,-7.510208E+01
1.610000E+01,-7.514177E+01
1.611000E+01,-7.518143E+01
1.612000E+01,-7.522107E+01
1.613000E+01,-7.526065E+01
1.614000E+01,-7.530022E+01
1.615000E+01,-7.533974E+01
1.616000E+01,-7.537923E+01
1.617000E+01,-7.541869E+01
1.618000E+01,-7.545811E+01
1.619000E+01,-7.549750E+01
1.620000E+01,-7.553686E+01
1.621000E+01,-7.557618E+01
1.622000E+01,-7.561547E+01
1.623000E+01,-7.565473E+01
1.624000E+01,-7.569394E+01
1.625000E+01,-7.573314E+01
1.626000E+01,-7.577229E+01
1.627000E+01,-7.581141E+01
1.628000E+01,-7.585050E+01
1.629000E+01,-7.588955E+01
1.630000E+01,-7.592857E+01
1.631000E+01,-7.596756E+01
1.632000E+01,-7.600651E+01
1.633000E+01,-7.604543E+01
1.634000E+01,-7.608432E+01
1.635000E+01,-7.612317E+01
1.636000E+01,-7.616199E+01
1.637000E+01,-7.620077E+01
1.638000E+01,-7.623953E+01
1.639000E+01,-7.627824E+01
1.640000E+01,-7.631694E+01
1.641000E+01,-7.635558E+01
1.642000E+01,-7.639420E+01
1.643000E+01,-7.643279E+01
1.644000E+01,-7.647134E+01
1.645000E+01,-7.650987E+01
1.646000E+01,-7.654835E+01
1.647000E+01,-7.658680E+01
1.648000E+01,-7.662522E+01
1.649000E+01,-7.666361E+01
1.650000E+01,-7.670196E+01
1.651000E+01,-7.674028E+01
1.652000E+01,-7.677856E+01
1.653000E+01,-7.681682E+01
1.654000E+01,-7.685504E+01
1.655000E+01,-7.689323E+01
1.656000E+01,-7.693139E+01
1.657000E+01,-7.696950E+01
1.658000E+01,-7.700759E+01
1.659000E+01,-7.704565E+01
1.660000E+01,-7.708367E+01
1.661000E+01,-7.712166E+01
1.662000E+01,-7.715961E+01
1.663000E+01,-7.719754E+01
1.664000E+01,-7.723543E+01
1.665000E+01,-7.727329E+01
1.666000E+01,-7.731112E+01
1.667000E+01,-7.734891E+01
1.668000E+01,-7.738666E+01
1.669000E+01,-7.742439E+01
1.670000E+01,-7.746208E+01
1.671000E+01,-7.749975E+01
1.672000E+01,-7.753737E+01
1.673000E+01,-7.757497E+01
1.674000E+01,-7.761253E+01
1.675000E+01,-7.765006E+01
1.676000E+01,-7.768756E+01
1.677000E+01,-7.772503E+01
1.678000E+01,-7.776246E+01
1.679000E+01,-7.779986E+01
1.680000E+01,-7.783723E+01
1.681000E+01,-7.787456E+01
1.682000E+01,-7.791186E+01
1.683000E+01,-7.794913E+01
1.684000E+01,-7.798637E+01
1.685000E+01,-7.802357E+01
1.686000E+01,-7.806074E+01
1.687000E+01,-7.809789E+01
1.688000E+01,-7.813499E+01
1.689000E+01,-7.817207E+01
1.690000E+01,-7.820911E+01
1.691000E+01,-7.824612E+01
1.692000E+01,-7.828310E+01
1.693000E+01,-7.832005E+01
1.694000E+01,-7.835695E+01
1.695000E+01,-7.839384E+01
1.696000E+01,-7.843069E+01
1.697000E+01,-7.846751E+01
1.698000E+01,-7.850429E+01
1.699000E+01,-7.854104E+01
1.700000E+01,-7.857777E+01
1.701000E+01,-7.861446E+01
1.702000E+01,-7.865111E+01
1.703000E+01,-7.868774E+01
1.704000E+01,-7.872432E+01
1.705000E+01,-7.876089E+01
1.706000E+01,-7.879742E+01
1.707000E+01,-7.883391E+01
1.708000E+01,-7.887038E+01
1.709000E+01,-7.890681E+01
1.710000E+01,-7.894321E+01
1.711000E+01,-7.897958E+01
1.712000E+01,-7.901592E+01
1.713000E+01,-7.905222E+01
1.714000E+01,-7.908850E+01
1.715000E+01,-7.912474E+01
1.716000E+01,-7.916095E+01
1.717000E+01,-7.919713E+01
1.718000E+01,-7.923328E+01
1.719000E+01,-7.926940E+01
1.720000E+01,-7.930548E+01
1.721000E+01,-7.934153E+01
1.722000E+01,-7.937755E+01
1.723000E+01,-7.941354E+01
1.724000E+01,-7.944950E+01
1.725000E+01,-7.948542E+01
1.726000E+01,-7.952132E+01
1.727000E+01,-7.955718E+01
1.728000E+01,-7.959301E+01
1.729000E+01,-7.962882E+01
1.730000E+01,-7.966458E+01
1.731000E+01,-7.970032E+01
1.732000E+01,-7.973603E+01
1.733000E+01,-7.977170E+01
1.734000E+01,-7.980735E+01
1.735000E+01,-7.984296E+01
1.736000E+01,-7.987855E+01
1.737000E+01,-7.991409E+01
1.738000E+01,-7.994962E+01
1.739000E+01,-7.998511E+01
1.740000E+01,-8.002057E+01
1.741000E+01,-8.005599E+01
1.742000E+01,-8.009139E+01
1.743000E+01,-8.012675E+01
1.744000E+01,-8.016208E+01
1.745000E+01,-8.019739E+01
1.746000E+01,-8.023266E+01
1.747000E+01,-8.026791E+01
1.748000E+01,-8.030311E+01
1.749000E+01,-8.033829E+01
1.750000E+01,-8.037344E+01
1.751000E+01,-8.040856E+01
1.752000E+01,-8.044365E+01
1.753000E+01,-8.047870E+01
1.754000E+01,-8.051372E+01
1.755000E+01,-8.054872E+01
1.756000E+01,-8.058369E+01
1.757000E+01,-8.061862E+01
1.758000E+01,-8.065353E+01
1.759000E+01,-8.068840E+01
1.760000E+01,-8.072324E+01
1.761000E+01,-8.075806E+01
1.762000E+01,-8.079283E+01
1.763000E+01,-8.082759E+01
1.764000E+01,-8.086231E+01
1.765000E+01,-8.089700E+01
1.766000E+01,-8.093166E+01
1.767000E+01,-8.096629E+01
1.768000E+01,-8.100089E+01
1.769000E+01,-8.103546E+01
1.770000E+01,-8.107000E+01
1.771000E+01,-8.110451E+01
1.772000E+01,-8.113899E+01
1.773000E+01,-8.117344E+01
1.774000E+01,-8.120785E+01
1.775000E+01,-8.124224E+01
1.776000E+01,-8.127661E+01
1.777000E+01,-8.131093E+01
1.778000E+01,-8.134523E+01
1.779000E+01,-8.137950E+01
1.780000E+01,-8.141374E+01
1.781000E+01,-8.144795E+01
1.782000E+01,-8.148213E+01
1.783000E+01,-8.151628E+01
1.784000E+01,-8.155040E+01
1.785000E+01,-8.158449E+01
1.786000E+01,-8.161856E+01
1.787000E+01,-8.165259E+01
1.788000E+01,-8.168659E+01
1.789000E+01,-8.172056E+01
1.790000E+01,-8.175450E+01
1.791000E+01,-8.178841E+01
1.792000E+01,-8.182230E+01
1.793000E+01,-8.185616E+01
1.794000E+01,-8.188998E+01
1.795000E+01,-8.192378E+01
1.796000E+01,-8.195754E+01
1.797000E+01,-8.199128E+01
1.798000E+01,-8.202498E+01
1.799000E+01,-8.205866E+01
1.800000E+01,-8.209231E+01
1.801000E+01,-8.212593E+01
1.802000E+01,-8.215952E+01
1.803000E+01,-8.219308E+01
1.804000E+01,-8.222662E+01
1.805000E+01,-8.226012E+01
1.806000E+01,-8.229359E+01
1.807000E+01,-8.232704E+01
1.808000E+01,-8.236046E+01
1.809000E+01,-8.239385E+01
1.810000E+01,-8.242720E+01
1.811000E+01,-8.246053E+01
1.812000E+01,-8.249384E+01
1.813000E+01,-8.252711E+01
1.814000E+01,-8.256035E+01
1.815000E+01,-8.259357E+01
1.816000E+01,-8.262675E+01
1.817000E+01,-8.265991E+01
1.818000E+01,-8.269304E+01
1.819000E+01,-8.272614E+01
1.820000E+01,-8.275921E+01
1.821000E+01,-8.279225E+01
1.822000E+01,-8.282527E+01
1.823000E+01,-8.285826E+01
1.824000E+01,-8.289121E+01
1.825000E+01,-8.292415E+01
1.826000E+01,-8.295705E+01
1.827000E+01,-8.298992E+01
1.828000E+01,-8.302277E+01
1.829000E+01,-8.305558E+01
1.830000E+01,-8.308837E+01
1.831000E+01,-8.312113E+01
1.832000E+01,-8.315386E+01
1.833000E+01,-8.318657E+01
1.834000E+01,-8.321924E+01
1.835000E+01,-8.325189E+01
1.836000E+01,-8.328451E+01
1.837000E+01,-8.331711E+01
1.838000E+01,-8.334967E+01
1.839000E+01,-8.338221E+01
1.840000E+01,-8.341471E+01
1.841000E+01,-8.344719E+01
1.842000E+01,-8.347965E+01
1.843000E+01,-8.351207E+01
1.844000E+01,-8.354447E+01
1.845000E+01,-8.357684E+01
1.846000E+01,-8.360918E+01
1.847000E+01,-8.364150E+01
1.848000E+01,-8.367379E+01
1.849000E+01,-8.370605E+01
1.850000E+01,-8.373828E+01
1.851000E+01,-8.377049E+01
1.852000E+01,-8.380266E+01
1.853000E+01,-8.383481E+01
1.854000E+01,-8.386694E+01
1.855000E+01,-8.389904E+01
1.856000E+01,-8.393110E+01
1.857000E+01,-8.396314E+01
1.858000E+01,-8.399516E+01
1.859000E+01,-8.402715E+01
1.860000E+01,-8.405910E+01
1.861000E+01,-8.409104E+01
1.862000E+01,-8.412295E+01
1.863000E+01,-8.415482E+01
1.864000E+01,-8.418668E+01
1.865000E+01,-8.421850E+01
1.866000E+01,-8.425030E+01
1.867000E+01,-8.428208E+01
1.868000E+01,-8.431382E+01
1.869000E+01,-8.434554E+01
1.870000E+01,-8.437723E+01
1.871000E+01,-8.440890E+01
1.872000E+01,-8.444053E+01
1.873000E+01,-8.447214E+01
1.874000E+01,-8.450373E+01
1.875000E+01,-8.453529E+01
1.876000E+01,-8.456682E+01
1.877000E+01,-8.459833E+01
1.878000E+01,-8.462981E+01
1.879000E+01,-8.466126E+01
1.880000E+01,-8.469269E+01
1.881000E+01,-8.472409E+01
1.882000E+01,-8.475546E+01
1.883000E+01,-8.478681E+01
1.884000E+01,-8.481814E+01
1.885000E+01,-8.484943E+01
1.886000E+01,-8.488071E+01
1.887000E+01,-8.491195E+01
1.888000E+01,-8.494317E+01
1.889000E+01,-8.497436E+01
1.890000E+01,-8.500553E+01
1.891000E+01,-8.503667E+01
1.892000E+01,-8.506779E+01
1.893000E+01,-8.509887E+01
1.894000E+01,-8.512994E+01
1.895000E+01,-8.516097E+01
1.896000E+01,-8.519199E+01
1.897000E+01,-8.522297E+01
1.898000E+01,-8.525394E+01
1.899000E+01,-8.528487E+01
1.900000E+01,-8.531578E+01
1.901000E+01,-8.534666E+01
1.902000E+01,-8.537752E+01
1.903000E+01,-8.540836E+01
1.904000E+01,-8.543917E+01
1.905000E+01,-8.546995E+01
1.906000E+01,-8.550071E+01
1.907000E+01,-8.553145E+01
1.908000E+01,-8.556216E+01
1.909000E+01,-8.559284E+01
1.910000E+01,-8.562350E+01
1.911000E+01,-8.565413E+01
1.912000E+01,-8.568474E+01
1.913000E+01,-8.571532E+01
1.914000E+01,-8.574588E+01
1.915000E+01,-8.577642E+01
1.916000E+01,-8.580693E+01
1.917000E+01,-8.583741E+01
1.918000E+01,-8.586787E+01
1.919000E+01,-8.589831E+01
1.920000E+01,-8.592872E+01
1.921000E+01,-8.595911E+01
1.922000E+01,-8.598947E+01
1.923000E+01,-8.601980E+01
1.924000E+01,-8.605012E+01
1.925000E+01,-8.608041E+01
1.926000E+01,-8.611068E+01
1.927000E+01,-8.614091E+01
1.928000E+01,-8.617113E+01
1.929000E+01,-8.620132E+01
1.930000E+01,-8.623149E+01
1.931000E+01,-8.626163E+01
1.932000E+01,-8.629176E+01
1.933000E+01,-8.632185E+01
1.934000E+01,-8.635192E+01
1.935000E+01,-8.638197E+01
1.936000E+01,-8.641200E+01
1.937000E+01,-8.644200E+01
1.938000E+01,-8.647197E+01
1.939000E+01,-8.650193E+01
1.940000E+01,-8.653186E+01
1.941000E+01,-8.656176E+01
1.942000E+01,-8.659165E+01
1.943000E+01,-8.662150E+01
1.944000E+01,-8.665134E+01
1.945000E+01,-8.668116E+01
1.946000E+01,-8.671094E+01
1.947000E+01,-8.674071E+01
1.948000E+01,-8.677045E+01
1.949000E+01,-8.680017E+01
1.950000E+01,-8.682987E+01
1.951000E+01,-8.685954E+01
1.952000E+01,-8.688919E+01
1.953000E+01,-8.691881E+01
1.954000E+01,-8.694842E+01
1.955000E+01,-8.697800E+01
1.956000E+01,-8.700756E+01
1.957000E+01,-8.703709E+01
1.958000E+01,-8.706661E+01
1.959000E+01,-8.709610E+01
1.960000E+01,-8.712557E+01
1.961000E+01,-8.715501E+01
1.962000E+01,-8.718444E+01
1.963000E+01,-8.721384E+01
1.964000E+01,-8.724321E+01
1.965000E+01,-8.727257E+01
1.966000E+01,-8.730190E+01
1.967000E+01,-8.733121E+01
1.968000E+01,-8.736051E+01
1.969000E+01,-8.738976E+01
1.970000E+01,-8.741902E+01
1.971000E+01,-8.744824E+01
1.972000E+01,-8.747744E+01
1.973000E+01,-8.750662E+01
1.974000E+01,-8.753577E+01
1.975000E+01,-8.756490E+01
1.976000E+01,-8.759402E+01
1.977000E+01,-8.762311E+01
1.978000E+01,-8.765219E+01
1.979000E+01,-8.768123E+01
1.980000E+01,-8.771026E+01
1.981000E+01,-8.773926E+01
1.982000E+01,-8.776824E+01
1.983000E+01,-8.779721E+01
1.984000E+01,-8.782615E+01
1.985000E+01,-8.785507E+01
1.986000E+01,-8.788397E+01
1.987000E+01,-8.791284E+01
1.988000E+01,-8.794170E+01
1.989000E+01,-8.797054E+01
1.990000E+01,-8.799935E+01
1.991000E+01,-8.802815E+01
1.992000E+01,-8.805691E+01
1.993000E+01,-8.808567E+01
1.994000E+01,-8.811440E+01
1.995000E+01,-8.814311E+01
1.996000E+01,-8.817180E+01
1.997000E+01,-8.820047E+01
1.998000E+01,-8.822912E+01
1.999000E+01,-8.825775E+01
2.000000E+01,-8.828636E+01


