#X,rev_axeAmortisseur_supportPrincipal->RZ_Velocity(rel)
#Time(sec),Angular Velocity(degrees/sec)_Real
0.000000E+00,-5.078636
1.000000E-02,-5.079180
2.000000E-02,-5.079736
3.000000E-02,-5.080304
4.000000E-02,-5.080883
5.000000E-02,-5.081473
6.000000E-02,-5.082075
7.000000E-02,-5.082687
8.000000E-02,-5.083311
9.000000E-02,-5.083945
1.000000E-01,-5.084591
1.100000E-01,-5.085248
1.200000E-01,-5.085915
1.300000E-01,-5.086594
1.400000E-01,-5.087283
1.500000E-01,-5.087982
1.600000E-01,-5.088693
1.700000E-01,-5.089414
1.800000E-01,-5.090146
1.900000E-01,-5.090889
2.000000E-01,-5.091642
2.100000E-01,-5.092406
2.200000E-01,-5.093180
2.300000E-01,-5.093964
2.400000E-01,-5.094759
2.500000E-01,-5.095564
2.600000E-01,-5.096380
2.700000E-01,-5.097206
2.800000E-01,-5.098042
2.900000E-01,-5.098888
3.000000E-01,-5.099745
3.100000E-01,-5.100611
3.200000E-01,-5.101488
3.300000E-01,-5.102374
3.400000E-01,-5.103271
3.500000E-01,-5.104178
3.600000E-01,-5.105094
3.700000E-01,-5.106021
3.800000E-01,-5.106957
3.900000E-01,-5.107903
4.000000E-01,-5.108859
4.100000E-01,-5.109824
4.200000E-01,-5.110800
4.300000E-01,-5.111785
4.400000E-01,-5.112779
4.500000E-01,-5.113783
4.600000E-01,-5.114797
4.700000E-01,-5.115820
4.800000E-01,-5.116853
4.900000E-01,-5.117895
5.000000E-01,-5.118947
5.100000E-01,-5.120008
5.200000E-01,-5.121078
5.300000E-01,-5.122158
5.400000E-01,-5.123247
5.500000E-01,-5.124345
5.600000E-01,-5.125452
5.700000E-01,-5.126569
5.800000E-01,-5.127694
5.900000E-01,-5.128829
6.000000E-01,-5.129973
6.100000E-01,-5.131126
6.200000E-01,-5.132288
6.300000E-01,-5.133459
6.400000E-01,-5.134638
6.500000E-01,-5.135827
6.600000E-01,-5.137025
6.700000E-01,-5.138231
6.800000E-01,-5.139446
6.900000E-01,-5.140670
7.000000E-01,-5.141903
7.100000E-01,-5.143145
7.200000E-01,-5.144395
7.300000E-01,-5.145654
7.400000E-01,-5.146921
7.500000E-01,-5.148197
7.600000E-01,-5.149482
7.700000E-01,-5.150775
7.800000E-01,-5.152077
7.900000E-01,-5.153387
8.000000E-01,-5.154706
8.100000E-01,-5.156033
8.200000E-01,-5.157368
8.300000E-01,-5.158712
8.400000E-01,-5.160064
8.500000E-01,-5.161424
8.600000E-01,-5.162793
8.700000E-01,-5.164170
8.800000E-01,-5.165555
8.900000E-01,-5.166948
9.000000E-01,-5.168349
9.100000E-01,-5.169759
9.200000E-01,-5.171177
9.300000E-01,-5.172602
9.400000E-01,-5.174036
9.500000E-01,-5.175478
9.600000E-01,-5.176927
9.700000E-01,-5.178385
9.800000E-01,-5.179851
9.900000E-01,-5.181324
1.000000E+00,-5.182805
1.010000E+00,-5.184295
1.020000E+00,-5.185791
1.030000E+00,-5.187296
1.040000E+00,-5.188809
1.050000E+00,-5.190329
1.060000E+00,-5.191857
1.070000E+00,-5.193392
1.080000E+00,-5.194936
1.090000E+00,-5.196487
1.100000E+00,-5.198045
1.110000E+00,-5.199611
1.120000E+00,-5.201185
1.130000E+00,-5.202766
1.140000E+00,-5.204355
1.150000E+00,-5.205950
1.160000E+00,-5.207554
1.170000E+00,-5.209165
1.180000E+00,-5.210783
1.190000E+00,-5.212409
1.200000E+00,-5.214042
1.210000E+00,-5.215682
1.220000E+00,-5.217330
1.230000E+00,-5.218985
1.240000E+00,-5.220647
1.250000E+00,-5.222316
1.260000E+00,-5.223993
1.270000E+00,-5.225676
1.280000E+00,-5.227367
1.290000E+00,-5.229065
1.300000E+00,-5.230770
1.310000E+00,-5.232482
1.320000E+00,-5.234201
1.330000E+00,-5.235927
1.340000E+00,-5.237660
1.350000E+00,-5.239400
1.360000E+00,-5.241147
1.370000E+00,-5.242901
1.380000E+00,-5.244662
1.390000E+00,-5.246429
1.400000E+00,-5.248204
1.410000E+00,-5.249985
1.420000E+00,-5.251773
1.430000E+00,-5.253568
1.440000E+00,-5.255369
1.450000E+00,-5.257178
1.460000E+00,-5.258993
1.470000E+00,-5.260814
1.480000E+00,-5.262643
1.490000E+00,-5.264478
1.500000E+00,-5.266319
1.510000E+00,-5.268167
1.520000E+00,-5.270022
1.530000E+00,-5.271883
1.540000E+00,-5.273751
1.550000E+00,-5.275625
1.560000E+00,-5.277506
1.570000E+00,-5.279393
1.580000E+00,-5.281287
1.590000E+00,-5.283187
1.600000E+00,-5.285093
1.610000E+00,-5.287005
1.620000E+00,-5.288924
1.630000E+00,-5.290850
1.640000E+00,-5.292781
1.650000E+00,-5.294719
1.660000E+00,-5.296663
1.670000E+00,-5.298613
1.680000E+00,-5.300570
1.690000E+00,-5.302533
1.700000E+00,-5.304501
1.710000E+00,-5.306476
1.720000E+00,-5.308457
1.730000E+00,-5.310444
1.740000E+00,-5.312438
1.750000E+00,-5.314437
1.760000E+00,-5.316442
1.770000E+00,-5.318453
1.780000E+00,-5.320470
1.790000E+00,-5.322493
1.800000E+00,-5.324522
1.810000E+00,-5.326557
1.820000E+00,-5.328598
1.830000E+00,-5.330645
1.840000E+00,-5.332698
1.850000E+00,-5.334756
1.860000E+00,-5.336820
1.870000E+00,-5.338890
1.880000E+00,-5.340966
1.890000E+00,-5.343047
1.900000E+00,-5.345134
1.910000E+00,-5.347227
1.920000E+00,-5.349325
1.930000E+00,-5.351429
1.940000E+00,-5.353539
1.950000E+00,-5.355654
1.960000E+00,-5.357776
1.970000E+00,-5.359902
1.980000E+00,-5.362034
1.990000E+00,-5.364172
2.000000E+00,-5.366315
2.010000E+00,-5.368463
2.020000E+00,-5.370617
2.030000E+00,-5.372776
2.040000E+00,-5.374941
2.050000E+00,-5.377112
2.060000E+00,-5.379287
2.070000E+00,-5.381468
2.080000E+00,-5.383654
2.090000E+00,-5.385846
2.100000E+00,-5.388043
2.110000E+00,-5.390245
2.120000E+00,-5.392452
2.130000E+00,-5.394665
2.140000E+00,-5.396883
2.150000E+00,-5.399106
2.160000E+00,-5.401334
2.170000E+00,-5.403567
2.180000E+00,-5.405806
2.190000E+00,-5.408049
2.200000E+00,-5.410297
2.210000E+00,-5.412551
2.220000E+00,-5.414810
2.230000E+00,-5.417074
2.240000E+00,-5.419342
2.250000E+00,-5.421616
2.260000E+00,-5.423895
2.270000E+00,-5.426178
2.280000E+00,-5.428467
2.290000E+00,-5.430760
2.300000E+00,-5.433058
2.310000E+00,-5.435361
2.320000E+00,-5.437669
2.330000E+00,-5.439982
2.340000E+00,-5.442300
2.350000E+00,-5.444622
2.360000E+00,-5.446949
2.370000E+00,-5.449281
2.380000E+00,-5.451617
2.390000E+00,-5.453958
2.400000E+00,-5.456304
2.410000E+00,-5.458655
2.420000E+00,-5.461010
2.430000E+00,-5.463370
2.440000E+00,-5.465734
2.450000E+00,-5.468103
2.460000E+00,-5.470476
2.470000E+00,-5.472854
2.480000E+00,-5.475236
2.490000E+00,-5.477624
2.500000E+00,-5.480015
2.510000E+00,-5.482411
2.520000E+00,-5.484811
2.530000E+00,-5.487216
2.540000E+00,-5.489625
2.550000E+00,-5.492038
2.560000E+00,-5.494456
2.570000E+00,-5.496878
2.580000E+00,-5.499304
2.590000E+00,-5.501735
2.600000E+00,-5.504170
2.610000E+00,-5.506609
2.620000E+00,-5.509052
2.630000E+00,-5.511500
2.640000E+00,-5.513952
2.650000E+00,-5.516407
2.660000E+00,-5.518867
2.670000E+00,-5.521332
2.680000E+00,-5.523800
2.690000E+00,-5.526272
2.700000E+00,-5.528749
2.710000E+00,-5.531229
2.720000E+00,-5.533714
2.730000E+00,-5.536202
2.740000E+00,-5.538694
2.750000E+00,-5.541191
2.760000E+00,-5.543691
2.770000E+00,-5.546195
2.780000E+00,-5.548703
2.790000E+00,-5.551215
2.800000E+00,-5.553731
2.810000E+00,-5.556251
2.820000E+00,-5.558774
2.830000E+00,-5.561302
2.840000E+00,-5.563833
2.850000E+00,-5.566367
2.860000E+00,-5.568906
2.870000E+00,-5.571448
2.880000E+00,-5.573994
2.890000E+00,-5.576544
2.900000E+00,-5.579097
2.910000E+00,-5.581654
2.920000E+00,-5.584214
2.930000E+00,-5.586778
2.940000E+00,-5.589346
2.950000E+00,-5.591917
2.960000E+00,-5.594492
2.970000E+00,-5.597070
2.980000E+00,-5.599652
2.990000E+00,-5.602237
3.000000E+00,-5.604825
3.010000E+00,-5.607417
3.020000E+00,-5.610013
3.030000E+00,-5.612611
3.040000E+00,-5.615213
3.050000E+00,-5.617819
3.060000E+00,-5.620428
3.070000E+00,-5.623040
3.080000E+00,-5.625655
3.090000E+00,-5.628274
3.100000E+00,-5.630896
3.110000E+00,-5.633521
3.120000E+00,-5.636149
3.130000E+00,-5.638780
3.140000E+00,-5.641415
3.150000E+00,-5.644053
3.160000E+00,-5.646693
3.170000E+00,-5.649338
3.180000E+00,-5.651984
3.190000E+00,-5.654634
3.200000E+00,-5.657287
3.210000E+00,-5.659944
3.220000E+00,-5.662602
3.230000E+00,-5.665265
3.240000E+00,-5.667929
3.250000E+00,-5.670597
3.260000E+00,-5.673268
3.270000E+00,-5.675942
3.280000E+00,-5.678618
3.290000E+00,-5.681298
3.300000E+00,-5.683980
3.310000E+00,-5.686665
3.320000E+00,-5.689352
3.330000E+00,-5.692043
3.340000E+00,-5.694736
3.350000E+00,-5.697432
3.360000E+00,-5.700131
3.370000E+00,-5.702832
3.380000E+00,-5.705536
3.390000E+00,-5.708242
3.400000E+00,-5.710951
3.410000E+00,-5.713663
3.420000E+00,-5.716378
3.430000E+00,-5.719094
3.440000E+00,-5.721814
3.450000E+00,-5.724536
3.460000E+00,-5.727260
3.470000E+00,-5.729987
3.480000E+00,-5.732716
3.490000E+00,-5.735448
3.500000E+00,-5.738182
3.510000E+00,-5.740918
3.520000E+00,-5.743657
3.530000E+00,-5.746398
3.540000E+00,-5.749141
3.550000E+00,-5.751887
3.560000E+00,-5.754635
3.570000E+00,-5.757385
3.580000E+00,-5.760137
3.590000E+00,-5.762892
3.600000E+00,-5.765648
3.610000E+00,-5.768407
3.620000E+00,-5.771168
3.630000E+00,-5.773932
3.640000E+00,-5.776697
3.650000E+00,-5.779464
3.660000E+00,-5.782233
3.670000E+00,-5.785005
3.680000E+00,-5.787778
3.690000E+00,-5.790553
3.700000E+00,-5.793330
3.710000E+00,-5.796110
3.720000E+00,-5.798891
3.730000E+00,-5.801674
3.740000E+00,-5.804458
3.750000E+00,-5.807245
3.760000E+00,-5.810034
3.770000E+00,-5.812824
3.780000E+00,-5.815616
3.790000E+00,-5.818410
3.800000E+00,-5.821206
3.810000E+00,-5.824003
3.820000E+00,-5.826802
3.830000E+00,-5.829602
3.840000E+00,-5.832405
3.850000E+00,-5.835208
3.860000E+00,-5.838014
3.870000E+00,-5.840821
3.880000E+00,-5.843630
3.890000E+00,-5.846440
3.900000E+00,-5.849251
3.910000E+00,-5.852065
3.920000E+00,-5.854879
3.930000E+00,-5.857695
3.940000E+00,-5.860513
3.950000E+00,-5.863332
3.960000E+00,-5.866152
3.970000E+00,-5.868973
3.980000E+00,-5.871796
3.990000E+00,-5.874621
4.000000E+00,-5.877446
4.010000E+00,-5.880273
4.020000E+00,-5.883101
4.030000E+00,-5.885930
4.040000E+00,-5.888760
4.050000E+00,-5.891592
4.060000E+00,-5.894425
4.070000E+00,-5.897258
4.080000E+00,-5.900093
4.090000E+00,-5.902929
4.100000E+00,-5.905766
4.110000E+00,-5.908604
4.120000E+00,-5.911443
4.130000E+00,-5.914283
4.140000E+00,-5.917124
4.150000E+00,-5.919966
4.160000E+00,-5.922809
4.170000E+00,-5.925653
4.180000E+00,-5.928497
4.190000E+00,-5.931343
4.200000E+00,-5.934189
4.210000E+00,-5.937036
4.220000E+00,-5.939884
4.230000E+00,-5.942732
4.240000E+00,-5.945582
4.250000E+00,-5.948432
4.260000E+00,-5.951282
4.270000E+00,-5.954134
4.280000E+00,-5.956986
4.290000E+00,-5.959838
4.300000E+00,-5.962691
4.310000E+00,-5.965545
4.320000E+00,-5.968399
4.330000E+00,-5.971254
4.340000E+00,-5.974109
4.350000E+00,-5.976965
4.360000E+00,-5.979821
4.370000E+00,-5.982677
4.380000E+00,-5.985534
4.390000E+00,-5.988391
4.400000E+00,-5.991249
4.410000E+00,-5.994107
4.420000E+00,-5.996965
4.430000E+00,-5.999824
4.440000E+00,-6.002682
4.450000E+00,-6.005541
4.460000E+00,-6.008401
4.470000E+00,-6.011260
4.480000E+00,-6.014119
4.490000E+00,-6.016979
4.500000E+00,-6.019839
4.510000E+00,-6.022698
4.520000E+00,-6.025558
4.530000E+00,-6.028418
4.540000E+00,-6.031278
4.550000E+00,-6.034138
4.560000E+00,-6.036997
4.570000E+00,-6.039857
4.580000E+00,-6.042717
4.590000E+00,-6.045576
4.600000E+00,-6.048436
4.610000E+00,-6.051295
4.620000E+00,-6.054154
4.630000E+00,-6.057013
4.640000E+00,-6.059871
4.650000E+00,-6.062729
4.660000E+00,-6.065587
4.670000E+00,-6.068445
4.680000E+00,-6.071302
4.690000E+00,-6.074159
4.700000E+00,-6.077016
4.710000E+00,-6.079872
4.720000E+00,-6.082728
4.730000E+00,-6.085583
4.740000E+00,-6.088438
4.750000E+00,-6.091292
4.760000E+00,-6.094145
4.770000E+00,-6.096999
4.780000E+00,-6.099851
4.790000E+00,-6.102703
4.800000E+00,-6.105554
4.810000E+00,-6.108405
4.820000E+00,-6.111255
4.830000E+00,-6.114104
4.840000E+00,-6.116952
4.850000E+00,-6.119800
4.860000E+00,-6.122647
4.870000E+00,-6.125493
4.880000E+00,-6.128338
4.890000E+00,-6.131182
4.900000E+00,-6.134026
4.910000E+00,-6.136868
4.920000E+00,-6.139710
4.930000E+00,-6.142550
4.940000E+00,-6.145390
4.950000E+00,-6.148228
4.960000E+00,-6.151066
4.970000E+00,-6.153903
4.980000E+00,-6.156738
4.990000E+00,-6.159572
5.000000E+00,-6.162405
5.010000E+00,-6.165237
5.020000E+00,-6.168067
5.030000E+00,-6.170897
5.040000E+00,-6.173725
5.050000E+00,-6.176552
5.060000E+00,-6.179378
5.070000E+00,-6.182202
5.080000E+00,-6.185025
5.090000E+00,-6.187846
5.100000E+00,-6.190667
5.110000E+00,-6.193485
5.120000E+00,-6.196302
5.130000E+00,-6.199118
5.140000E+00,-6.201933
5.150000E+00,-6.204745
5.160000E+00,-6.207556
5.170000E+00,-6.210366
5.180000E+00,-6.213174
5.190000E+00,-6.215980
5.200000E+00,-6.218785
5.210000E+00,-6.221587
5.220000E+00,-6.224389
5.230000E+00,-6.227188
5.240000E+00,-6.229986
5.250000E+00,-6.232782
5.260000E+00,-6.235575
5.270000E+00,-6.238368
5.280000E+00,-6.241158
5.290000E+00,-6.243947
5.300000E+00,-6.246733
5.310000E+00,-6.249517
5.320000E+00,-6.252300
5.330000E+00,-6.255081
5.340000E+00,-6.257859
5.350000E+00,-6.260635
5.360000E+00,-6.263410
5.370000E+00,-6.266182
5.380000E+00,-6.268952
5.390000E+00,-6.271720
5.400000E+00,-6.274486
5.410000E+00,-6.277249
5.420000E+00,-6.280010
5.430000E+00,-6.282769
5.440000E+00,-6.285526
5.450000E+00,-6.288280
5.460000E+00,-6.291032
5.470000E+00,-6.293782
5.480000E+00,-6.296529
5.490000E+00,-6.299274
5.500000E+00,-6.302016
5.510000E+00,-6.304756
5.520000E+00,-6.307493
5.530000E+00,-6.310228
5.540000E+00,-6.312960
5.550000E+00,-6.315689
5.560000E+00,-6.318416
5.570000E+00,-6.321141
5.580000E+00,-6.323862
5.590000E+00,-6.326581
5.600000E+00,-6.329297
5.610000E+00,-6.332011
5.620000E+00,-6.334721
5.630000E+00,-6.337429
5.640000E+00,-6.340134
5.650000E+00,-6.342837
5.660000E+00,-6.345536
5.670000E+00,-6.348232
5.680000E+00,-6.350926
5.690000E+00,-6.353616
5.700000E+00,-6.356304
5.710000E+00,-6.358988
5.720000E+00,-6.361669
5.730000E+00,-6.364348
5.740000E+00,-6.367023
5.750000E+00,-6.369695
5.760000E+00,-6.372364
5.770000E+00,-6.375030
5.780000E+00,-6.377692
5.790000E+00,-6.380351
5.800000E+00,-6.383007
5.810000E+00,-6.385660
5.820000E+00,-6.388310
5.830000E+00,-6.390956
5.840000E+00,-6.393598
5.850000E+00,-6.396237
5.860000E+00,-6.398873
5.870000E+00,-6.401506
5.880000E+00,-6.404135
5.890000E+00,-6.406760
5.900000E+00,-6.409382
5.910000E+00,-6.412001
5.920000E+00,-6.414615
5.930000E+00,-6.417226
5.940000E+00,-6.419834
5.950000E+00,-6.422438
5.960000E+00,-6.425038
5.970000E+00,-6.427634
5.980000E+00,-6.430227
5.990000E+00,-6.432816
6.000000E+00,-6.435401
6.010000E+00,-6.437983
6.020000E+00,-6.440560
6.030000E+00,-6.443133
6.040000E+00,-6.445703
6.050000E+00,-6.448269
6.060000E+00,-6.450830
6.070000E+00,-6.453388
6.080000E+00,-6.455942
6.090000E+00,-6.458492
6.100000E+00,-6.461037
6.110000E+00,-6.463579
6.120000E+00,-6.466116
6.130000E+00,-6.468650
6.140000E+00,-6.471179
6.150000E+00,-6.473703
6.160000E+00,-6.476224
6.170000E+00,-6.478741
6.180000E+00,-6.481252
6.190000E+00,-6.483760
6.200000E+00,-6.486264
6.210000E+00,-6.488763
6.220000E+00,-6.491258
6.230000E+00,-6.493748
6.240000E+00,-6.496234
6.250000E+00,-6.498715
6.260000E+00,-6.501192
6.270000E+00,-6.503665
6.280000E+00,-6.506132
6.290000E+00,-6.508595
6.300000E+00,-6.511054
6.310000E+00,-6.513508
6.320000E+00,-6.515957
6.330000E+00,-6.518402
6.340000E+00,-6.520842
6.350000E+00,-6.523277
6.360000E+00,-6.525708
6.370000E+00,-6.528134
6.380000E+00,-6.530554
6.390000E+00,-6.532970
6.400000E+00,-6.535381
6.410000E+00,-6.537788
6.420000E+00,-6.540189
6.430000E+00,-6.542585
6.440000E+00,-6.544977
6.450000E+00,-6.547363
6.460000E+00,-6.549744
6.470000E+00,-6.552121
6.480000E+00,-6.554492
6.490000E+00,-6.556858
6.500000E+00,-6.559219
6.510000E+00,-6.561575
6.520000E+00,-6.563925
6.530000E+00,-6.566271
6.540000E+00,-6.568611
6.550000E+00,-6.570946
6.560000E+00,-6.573276
6.570000E+00,-6.575600
6.580000E+00,-6.577919
6.590000E+00,-6.580233
6.600000E+00,-6.582541
6.610000E+00,-6.584844
6.620000E+00,-6.587142
6.630000E+00,-6.589433
6.640000E+00,-6.591720
6.650000E+00,-6.594001
6.660000E+00,-6.596276
6.670000E+00,-6.598546
6.680000E+00,-6.600810
6.690000E+00,-6.603069
6.700000E+00,-6.605322
6.710000E+00,-6.607569
6.720000E+00,-6.609811
6.730000E+00,-6.612047
6.740000E+00,-6.614276
6.750000E+00,-6.616501
6.760000E+00,-6.618719
6.770000E+00,-6.620932
6.780000E+00,-6.623139
6.790000E+00,-6.625340
6.800000E+00,-6.627535
6.810000E+00,-6.629724
6.820000E+00,-6.631907
6.830000E+00,-6.634084
6.840000E+00,-6.636256
6.850000E+00,-6.638421
6.860000E+00,-6.640580
6.870000E+00,-6.642733
6.880000E+00,-6.644880
6.890000E+00,-6.647021
6.900000E+00,-6.649155
6.910000E+00,-6.651284
6.920000E+00,-6.653406
6.930000E+00,-6.655522
6.940000E+00,-6.657631
6.950000E+00,-6.659735
6.960000E+00,-6.661832
6.970000E+00,-6.663923
6.980000E+00,-6.666008
6.990000E+00,-6.668086
7.000000E+00,-6.670157
7.010000E+00,-6.672223
7.020000E+00,-6.674282
7.030000E+00,-6.676334
7.040000E+00,-6.678380
7.050000E+00,-6.680420
7.060000E+00,-6.682452
7.070000E+00,-6.684479
7.080000E+00,-6.686498
7.090000E+00,-6.688512
7.100000E+00,-6.690518
7.110000E+00,-6.692518
7.120000E+00,-6.694511
7.130000E+00,-6.696497
7.140000E+00,-6.698477
7.150000E+00,-6.700449
7.160000E+00,-6.702416
7.170000E+00,-6.704375
7.180000E+00,-6.706327
7.190000E+00,-6.708273
7.200000E+00,-6.710211
7.210000E+00,-6.712143
7.220000E+00,-6.714068
7.230000E+00,-6.715986
7.240000E+00,-6.717897
7.250000E+00,-6.719801
7.260000E+00,-6.721698
7.270000E+00,-6.723588
7.280000E+00,-6.725471
7.290000E+00,-6.727347
7.300000E+00,-6.729215
7.310000E+00,-6.731077
7.320000E+00,-6.732931
7.330000E+00,-6.734778
7.340000E+00,-6.736619
7.350000E+00,-6.738451
7.360000E+00,-6.740277
7.370000E+00,-6.742095
7.380000E+00,-6.743906
7.390000E+00,-6.745710
7.400000E+00,-6.747506
7.410000E+00,-6.749295
7.420000E+00,-6.751077
7.430000E+00,-6.752851
7.440000E+00,-6.754618
7.450000E+00,-6.756377
7.460000E+00,-6.758129
7.470000E+00,-6.759873
7.480000E+00,-6.761610
7.490000E+00,-6.763340
7.500000E+00,-6.765062
7.510000E+00,-6.766776
7.520000E+00,-6.768482
7.530000E+00,-6.770182
7.540000E+00,-6.771873
7.550000E+00,-6.773557
7.560000E+00,-6.775233
7.570000E+00,-6.776901
7.580000E+00,-6.778562
7.590000E+00,-6.780215
7.600000E+00,-6.781860
7.610000E+00,-6.783498
7.620000E+00,-6.785127
7.630000E+00,-6.786749
7.640000E+00,-6.788363
7.650000E+00,-6.789969
7.660000E+00,-6.791567
7.670000E+00,-6.793158
7.680000E+00,-6.794740
7.690000E+00,-6.796315
7.700000E+00,-6.797881
7.710000E+00,-6.799440
7.720000E+00,-6.800990
7.730000E+00,-6.802533
7.740000E+00,-6.804067
7.750000E+00,-6.805594
7.760000E+00,-6.807112
7.770000E+00,-6.808622
7.780000E+00,-6.810124
7.790000E+00,-6.811619
7.800000E+00,-6.813104
7.810000E+00,-6.814582
7.820000E+00,-6.816051
7.830000E+00,-6.817512
7.840000E+00,-6.818966
7.850000E+00,-6.820410
7.860000E+00,-6.821847
7.870000E+00,-6.823275
7.880000E+00,-6.824695
7.890000E+00,-6.826106
7.900000E+00,-6.827510
7.910000E+00,-6.828904
7.920000E+00,-6.830291
7.930000E+00,-6.831669
7.940000E+00,-6.833039
7.950000E+00,-6.834400
7.960000E+00,-6.835753
7.970000E+00,-6.837098
7.980000E+00,-6.838434
7.990000E+00,-6.839761
8.000000E+00,-6.841080
8.010000E+00,-6.842390
8.020000E+00,-6.843692
8.030000E+00,-6.844985
8.040000E+00,-6.846270
8.050000E+00,-6.847546
8.060000E+00,-6.848813
8.070000E+00,-6.850072
8.080000E+00,-6.851322
8.090000E+00,-6.852564
8.100000E+00,-6.853796
8.110000E+00,-6.855020
8.120000E+00,-6.856236
8.130000E+00,-6.857442
8.140000E+00,-6.858641
8.150000E+00,-6.859830
8.160000E+00,-6.861010
8.170000E+00,-6.862182
8.180000E+00,-6.863344
8.190000E+00,-6.864498
8.200000E+00,-6.865643
8.210000E+00,-6.866780
8.220000E+00,-6.867907
8.230000E+00,-6.869026
8.240000E+00,-6.870135
8.250000E+00,-6.871236
8.260000E+00,-6.872328
8.270000E+00,-6.873410
8.280000E+00,-6.874484
8.290000E+00,-6.875549
8.300000E+00,-6.876605
8.310000E+00,-6.877652
8.320000E+00,-6.878690
8.330000E+00,-6.879719
8.340000E+00,-6.880738
8.350000E+00,-6.881749
8.360000E+00,-6.882751
8.370000E+00,-6.883743
8.380000E+00,-6.884727
8.390000E+00,-6.885702
8.400000E+00,-6.886667
8.410000E+00,-6.887623
8.420000E+00,-6.888570
8.430000E+00,-6.889508
8.440000E+00,-6.890436
8.450000E+00,-6.891356
8.460000E+00,-6.892266
8.470000E+00,-6.893167
8.480000E+00,-6.894059
8.490000E+00,-6.894942
8.500000E+00,-6.895815
8.510000E+00,-6.896679
8.520000E+00,-6.897534
8.530000E+00,-6.898380
8.540000E+00,-6.899216
8.550000E+00,-6.900043
8.560000E+00,-6.900860
8.570000E+00,-6.901669
8.580000E+00,-6.902468
8.590000E+00,-6.903257
8.600000E+00,-6.904038
8.610000E+00,-6.904809
8.620000E+00,-6.905570
8.630000E+00,-6.906322
8.640000E+00,-6.907065
8.650000E+00,-6.907798
8.660000E+00,-6.908522
8.670000E+00,-6.909236
8.680000E+00,-6.909942
8.690000E+00,-6.910637
8.700000E+00,-6.911323
8.710000E+00,-6.912000
8.720000E+00,-6.912667
8.730000E+00,-6.913325
8.740000E+00,-6.913973
8.750000E+00,-6.914612
8.760000E+00,-6.915241
8.770000E+00,-6.915860
8.780000E+00,-6.916471
8.790000E+00,-6.917071
8.800000E+00,-6.917662
8.810000E+00,-6.918244
8.820000E+00,-6.918816
8.830000E+00,-6.919378
8.840000E+00,-6.919931
8.850000E+00,-6.920474
8.860000E+00,-6.921007
8.870000E+00,-6.921531
8.880000E+00,-6.922045
8.890000E+00,-6.922550
8.900000E+00,-6.923045
8.910000E+00,-6.923531
8.920000E+00,-6.924006
8.930000E+00,-6.924473
8.940000E+00,-6.924929
8.950000E+00,-6.925376
8.960000E+00,-6.925813
8.970000E+00,-6.926240
8.980000E+00,-6.926658
8.990000E+00,-6.927066
9.000000E+00,-6.927465
9.010000E+00,-6.927853
9.020000E+00,-6.928232
9.030000E+00,-6.928602
9.040000E+00,-6.928961
9.050000E+00,-6.929311
9.060000E+00,-6.929651
9.070000E+00,-6.929982
9.080000E+00,-6.930303
9.090000E+00,-6.930613
9.100000E+00,-6.930914
9.110000E+00,-6.931206
9.120000E+00,-6.931488
9.130000E+00,-6.931760
9.140000E+00,-6.932022
9.150000E+00,-6.932274
9.160000E+00,-6.932517
9.170000E+00,-6.932750
9.180000E+00,-6.932973
9.190000E+00,-6.933186
9.200000E+00,-6.933389
9.210000E+00,-6.933583
9.220000E+00,-6.933767
9.230000E+00,-6.933941
9.240000E+00,-6.934106
9.250000E+00,-6.934260
9.260000E+00,-6.934405
9.270000E+00,-6.934540
9.280000E+00,-6.934665
9.290000E+00,-6.934780
9.300000E+00,-6.934886
9.310000E+00,-6.934982
9.320000E+00,-6.935067
9.330000E+00,-6.935143
9.340000E+00,-6.935209
9.350000E+00,-6.935266
9.360000E+00,-6.935312
9.370000E+00,-6.935349
9.380000E+00,-6.935376
9.390000E+00,-6.935393
9.400000E+00,-6.935401
9.410000E+00,-6.935398
9.420000E+00,-6.935386
9.430000E+00,-6.935364
9.440000E+00,-6.935332
9.450000E+00,-6.935290
9.460000E+00,-6.935238
9.470000E+00,-6.935177
9.480000E+00,-6.935105
9.490000E+00,-6.935024
9.500000E+00,-6.934933
9.510000E+00,-6.934832
9.520000E+00,-6.934722
9.530000E+00,-6.934601
9.540000E+00,-6.934471
9.550000E+00,-6.934331
9.560000E+00,-6.934181
9.570000E+00,-6.934021
9.580000E+00,-6.933852
9.590000E+00,-6.933672
9.600000E+00,-6.933483
9.610000E+00,-6.933284
9.620000E+00,-6.933075
9.630000E+00,-6.932857
9.640000E+00,-6.932628
9.650000E+00,-6.932390
9.660000E+00,-6.932142
9.670000E+00,-6.931884
9.680000E+00,-6.931617
9.690000E+00,-6.931339
9.700000E+00,-6.931052
9.710000E+00,-6.930755
9.720000E+00,-6.930448
9.730000E+00,-6.930132
9.740000E+00,-6.929805
9.750000E+00,-6.929469
9.760000E+00,-6.929123
9.770000E+00,-6.928768
9.780000E+00,-6.928402
9.790000E+00,-6.928027
9.800000E+00,-6.927642
9.810000E+00,-6.927248
9.820000E+00,-6.926843
9.830000E+00,-6.926429
9.840000E+00,-6.926005
9.850000E+00,-6.925572
9.860000E+00,-6.925128
9.870000E+00,-6.924675
9.880000E+00,-6.924213
9.890000E+00,-6.923740
9.900000E+00,-6.923258
9.910000E+00,-6.922766
9.920000E+00,-6.922265
9.930000E+00,-6.921753
9.940000E+00,-6.921232
9.950000E+00,-6.920702
9.960000E+00,-6.920162
9.970000E+00,-6.919611
9.980000E+00,-6.919052
9.990000E+00,-6.918483
1.000000E+01,-6.917904
1.001000E+01,-6.917316
1.002000E+01,-6.916718
1.003000E+01,-6.916110
1.004000E+01,-6.915493
1.005000E+01,-6.914866
1.006000E+01,-6.914229
1.007000E+01,-6.913583
1.008000E+01,-6.912927
1.009000E+01,-6.912262
1.010000E+01,-6.911587
1.011000E+01,-6.910903
1.012000E+01,-6.910209
1.013000E+01,-6.909506
1.014000E+01,-6.908793
1.015000E+01,-6.908070
1.016000E+01,-6.907338
1.017000E+01,-6.906597
1.018000E+01,-6.905846
1.019000E+01,-6.905085
1.020000E+01,-6.904315
1.021000E+01,-6.903536
1.022000E+01,-6.902747
1.023000E+01,-6.901949
1.024000E+01,-6.901141
1.025000E+01,-6.900324
1.026000E+01,-6.899497
1.027000E+01,-6.898661
1.028000E+01,-6.897816
1.029000E+01,-6.896961
1.030000E+01,-6.896097
1.031000E+01,-6.895223
1.032000E+01,-6.894340
1.033000E+01,-6.893448
1.034000E+01,-6.892546
1.035000E+01,-6.891636
1.036000E+01,-6.890716
1.037000E+01,-6.889786
1.038000E+01,-6.888847
1.039000E+01,-6.887899
1.040000E+01,-6.886942
1.041000E+01,-6.885975
1.042000E+01,-6.885000
1.043000E+01,-6.884014
1.044000E+01,-6.883020
1.045000E+01,-6.882017
1.046000E+01,-6.881004
1.047000E+01,-6.879982
1.048000E+01,-6.878951
1.049000E+01,-6.877911
1.050000E+01,-6.876862
1.051000E+01,-6.875804
1.052000E+01,-6.874736
1.053000E+01,-6.873660
1.054000E+01,-6.872574
1.055000E+01,-6.871479
1.056000E+01,-6.870375
1.057000E+01,-6.869263
1.058000E+01,-6.868140
1.059000E+01,-6.867009
1.060000E+01,-6.865870
1.061000E+01,-6.864721
1.062000E+01,-6.863563
1.063000E+01,-6.862396
1.064000E+01,-6.861220
1.065000E+01,-6.860035
1.066000E+01,-6.858842
1.067000E+01,-6.857639
1.068000E+01,-6.856428
1.069000E+01,-6.855207
1.070000E+01,-6.853978
1.071000E+01,-6.852740
1.072000E+01,-6.851493
1.073000E+01,-6.850238
1.074000E+01,-6.848973
1.075000E+01,-6.847700
1.076000E+01,-6.846418
1.077000E+01,-6.845127
1.078000E+01,-6.843828
1.079000E+01,-6.842519
1.080000E+01,-6.841202
1.081000E+01,-6.839876
1.082000E+01,-6.838542
1.083000E+01,-6.837199
1.084000E+01,-6.835848
1.085000E+01,-6.834487
1.086000E+01,-6.833119
1.087000E+01,-6.831741
1.088000E+01,-6.830355
1.089000E+01,-6.828961
1.090000E+01,-6.827557
1.091000E+01,-6.826146
1.092000E+01,-6.824726
1.093000E+01,-6.823297
1.094000E+01,-6.821860
1.095000E+01,-6.820415
1.096000E+01,-6.818961
1.097000E+01,-6.817498
1.098000E+01,-6.816027
1.099000E+01,-6.814548
1.100000E+01,-6.813061
1.101000E+01,-6.811565
1.102000E+01,-6.810061
1.103000E+01,-6.808548
1.104000E+01,-6.807027
1.105000E+01,-6.805498
1.106000E+01,-6.803961
1.107000E+01,-6.802415
1.108000E+01,-6.800861
1.109000E+01,-6.799300
1.110000E+01,-6.797729
1.111000E+01,-6.796151
1.112000E+01,-6.794565
1.113000E+01,-6.792970
1.114000E+01,-6.791367
1.115000E+01,-6.789756
1.116000E+01,-6.788138
1.117000E+01,-6.786511
1.118000E+01,-6.784876
1.119000E+01,-6.783233
1.120000E+01,-6.781582
1.121000E+01,-6.779923
1.122000E+01,-6.778256
1.123000E+01,-6.776581
1.124000E+01,-6.774899
1.125000E+01,-6.773208
1.126000E+01,-6.771510
1.127000E+01,-6.769804
1.128000E+01,-6.768089
1.129000E+01,-6.766368
1.130000E+01,-6.764638
1.131000E+01,-6.762901
1.132000E+01,-6.761155
1.133000E+01,-6.759402
1.134000E+01,-6.757642
1.135000E+01,-6.755874
1.136000E+01,-6.754098
1.137000E+01,-6.752314
1.138000E+01,-6.750523
1.139000E+01,-6.748724
1.140000E+01,-6.746918
1.141000E+01,-6.745104
1.142000E+01,-6.743282
1.143000E+01,-6.741453
1.144000E+01,-6.739617
1.145000E+01,-6.737773
1.146000E+01,-6.735922
1.147000E+01,-6.734063
1.148000E+01,-6.732197
1.149000E+01,-6.730323
1.150000E+01,-6.728442
1.151000E+01,-6.726554
1.152000E+01,-6.724658
1.153000E+01,-6.722755
1.154000E+01,-6.720845
1.155000E+01,-6.718928
1.156000E+01,-6.717003
1.157000E+01,-6.715071
1.158000E+01,-6.713132
1.159000E+01,-6.711186
1.160000E+01,-6.709233
1.161000E+01,-6.707273
1.162000E+01,-6.705305
1.163000E+01,-6.703331
1.164000E+01,-6.701349
1.165000E+01,-6.699360
1.166000E+01,-6.697364
1.167000E+01,-6.695362
1.168000E+01,-6.693353
1.169000E+01,-6.691336
1.170000E+01,-6.689312
1.171000E+01,-6.687282
1.172000E+01,-6.685245
1.173000E+01,-6.683201
1.174000E+01,-6.681151
1.175000E+01,-6.679093
1.176000E+01,-6.677028
1.177000E+01,-6.674958
1.178000E+01,-6.672880
1.179000E+01,-6.670795
1.180000E+01,-6.668704
1.181000E+01,-6.666606
1.182000E+01,-6.664502
1.183000E+01,-6.662391
1.184000E+01,-6.660273
1.185000E+01,-6.658149
1.186000E+01,-6.656019
1.187000E+01,-6.653881
1.188000E+01,-6.651738
1.189000E+01,-6.649588
1.190000E+01,-6.647431
1.191000E+01,-6.645268
1.192000E+01,-6.643099
1.193000E+01,-6.640923
1.194000E+01,-6.638741
1.195000E+01,-6.636553
1.196000E+01,-6.634359
1.197000E+01,-6.632158
1.198000E+01,-6.629951
1.199000E+01,-6.627737
1.200000E+01,-6.625518
1.201000E+01,-6.623292
1.202000E+01,-6.621060
1.203000E+01,-6.618823
1.204000E+01,-6.616579
1.205000E+01,-6.614329
1.206000E+01,-6.612073
1.207000E+01,-6.609811
1.208000E+01,-6.607543
1.209000E+01,-6.605269
1.210000E+01,-6.602989
1.211000E+01,-6.600703
1.212000E+01,-6.598412
1.213000E+01,-6.596114
1.214000E+01,-6.593811
1.215000E+01,-6.591502
1.216000E+01,-6.589187
1.217000E+01,-6.586866
1.218000E+01,-6.584540
1.219000E+01,-6.582208
1.220000E+01,-6.579870
1.221000E+01,-6.577527
1.222000E+01,-6.575177
1.223000E+01,-6.572823
1.224000E+01,-6.570462
1.225000E+01,-6.568097
1.226000E+01,-6.565726
1.227000E+01,-6.563349
1.228000E+01,-6.560966
1.229000E+01,-6.558579
1.230000E+01,-6.556186
1.231000E+01,-6.553787
1.232000E+01,-6.551383
1.233000E+01,-6.548974
1.234000E+01,-6.546560
1.235000E+01,-6.544140
1.236000E+01,-6.541715
1.237000E+01,-6.539284
1.238000E+01,-6.536849
1.239000E+01,-6.534408
1.240000E+01,-6.531962
1.241000E+01,-6.529511
1.242000E+01,-6.527055
1.243000E+01,-6.524594
1.244000E+01,-6.522128
1.245000E+01,-6.519657
1.246000E+01,-6.517180
1.247000E+01,-6.514699
1.248000E+01,-6.512213
1.249000E+01,-6.509722
1.250000E+01,-6.507226
1.251000E+01,-6.504725
1.252000E+01,-6.502219
1.253000E+01,-6.499709
1.254000E+01,-6.497194
1.255000E+01,-6.494674
1.256000E+01,-6.492149
1.257000E+01,-6.489619
1.258000E+01,-6.487085
1.259000E+01,-6.484546
1.260000E+01,-6.482003
1.261000E+01,-6.479455
1.262000E+01,-6.476903
1.263000E+01,-6.474345
1.264000E+01,-6.471784
1.265000E+01,-6.469218
1.266000E+01,-6.466647
1.267000E+01,-6.464072
1.268000E+01,-6.461492
1.269000E+01,-6.458908
1.270000E+01,-6.456320
1.271000E+01,-6.453728
1.272000E+01,-6.451131
1.273000E+01,-6.448530
1.274000E+01,-6.445924
1.275000E+01,-6.443315
1.276000E+01,-6.440701
1.277000E+01,-6.438083
1.278000E+01,-6.435460
1.279000E+01,-6.432835
1.280000E+01,-6.430204
1.281000E+01,-6.427570
1.282000E+01,-6.424931
1.283000E+01,-6.422289
1.284000E+01,-6.419642
1.285000E+01,-6.416992
1.286000E+01,-6.414338
1.287000E+01,-6.411679
1.288000E+01,-6.409017
1.289000E+01,-6.406351
1.290000E+01,-6.403682
1.291000E+01,-6.401008
1.292000E+01,-6.398331
1.293000E+01,-6.395650
1.294000E+01,-6.392965
1.295000E+01,-6.390277
1.296000E+01,-6.387585
1.297000E+01,-6.384889
1.298000E+01,-6.382189
1.299000E+01,-6.379486
1.300000E+01,-6.376780
1.301000E+01,-6.374070
1.302000E+01,-6.371357
1.303000E+01,-6.368640
1.304000E+01,-6.365919
1.305000E+01,-6.363196
1.306000E+01,-6.360468
1.307000E+01,-6.357738
1.308000E+01,-6.355004
1.309000E+01,-6.352266
1.310000E+01,-6.349526
1.311000E+01,-6.346782
1.312000E+01,-6.344035
1.313000E+01,-6.341285
1.314000E+01,-6.338532
1.315000E+01,-6.335775
1.316000E+01,-6.333016
1.317000E+01,-6.330253
1.318000E+01,-6.327488
1.319000E+01,-6.324719
1.320000E+01,-6.321947
1.321000E+01,-6.319172
1.322000E+01,-6.316394
1.323000E+01,-6.313614
1.324000E+01,-6.310830
1.325000E+01,-6.308044
1.326000E+01,-6.305255
1.327000E+01,-6.302462
1.328000E+01,-6.299667
1.329000E+01,-6.296870
1.330000E+01,-6.294069
1.331000E+01,-6.291266
1.332000E+01,-6.288461
1.333000E+01,-6.285652
1.334000E+01,-6.282841
1.335000E+01,-6.280027
1.336000E+01,-6.277211
1.337000E+01,-6.274392
1.338000E+01,-6.271571
1.339000E+01,-6.268747
1.340000E+01,-6.265921
1.341000E+01,-6.263092
1.342000E+01,-6.260261
1.343000E+01,-6.257428
1.344000E+01,-6.254592
1.345000E+01,-6.251753
1.346000E+01,-6.248913
1.347000E+01,-6.246070
1.348000E+01,-6.243225
1.349000E+01,-6.240378
1.350000E+01,-6.237528
1.351000E+01,-6.234676
1.352000E+01,-6.231822
1.353000E+01,-6.228966
1.354000E+01,-6.226108
1.355000E+01,-6.223248
1.356000E+01,-6.220386
1.357000E+01,-6.217522
1.358000E+01,-6.214656
1.359000E+01,-6.211787
1.360000E+01,-6.208918
1.361000E+01,-6.206045
1.362000E+01,-6.203171
1.363000E+01,-6.200296
1.364000E+01,-6.197418
1.365000E+01,-6.194539
1.366000E+01,-6.191658
1.367000E+01,-6.188775
1.368000E+01,-6.185890
1.369000E+01,-6.183004
1.370000E+01,-6.180116
1.371000E+01,-6.177226
1.372000E+01,-6.174335
1.373000E+01,-6.171442
1.374000E+01,-6.168548
1.375000E+01,-6.165652
1.376000E+01,-6.162755
1.377000E+01,-6.159856
1.378000E+01,-6.156955
1.379000E+01,-6.154053
1.380000E+01,-6.151150
1.381000E+01,-6.148246
1.382000E+01,-6.145340
1.383000E+01,-6.142432
1.384000E+01,-6.139524
1.385000E+01,-6.136614
1.386000E+01,-6.133702
1.387000E+01,-6.130790
1.388000E+01,-6.127877
1.389000E+01,-6.124962
1.390000E+01,-6.122046
1.391000E+01,-6.119129
1.392000E+01,-6.116211
1.393000E+01,-6.113292
1.394000E+01,-6.110372
1.395000E+01,-6.107450
1.396000E+01,-6.104528
1.397000E+01,-6.101605
1.398000E+01,-6.098681
1.399000E+01,-6.095756
1.400000E+01,-6.092830
1.401000E+01,-6.089903
1.402000E+01,-6.086975
1.403000E+01,-6.084047
1.404000E+01,-6.081118
1.405000E+01,-6.078188
1.406000E+01,-6.075257
1.407000E+01,-6.072326
1.408000E+01,-6.069394
1.409000E+01,-6.066461
1.410000E+01,-6.063528
1.411000E+01,-6.060594
1.412000E+01,-6.057659
1.413000E+01,-6.054724
1.414000E+01,-6.051788
1.415000E+01,-6.048852
1.416000E+01,-6.045916
1.417000E+01,-6.042979
1.418000E+01,-6.040041
1.419000E+01,-6.037103
1.420000E+01,-6.034165
1.421000E+01,-6.031226
1.422000E+01,-6.028287
1.423000E+01,-6.025348
1.424000E+01,-6.022409
1.425000E+01,-6.019469
1.426000E+01,-6.016529
1.427000E+01,-6.013589
1.428000E+01,-6.010648
1.429000E+01,-6.007708
1.430000E+01,-6.004767
1.431000E+01,-6.001826
1.432000E+01,-5.998886
1.433000E+01,-5.995945
1.434000E+01,-5.993004
1.435000E+01,-5.990063
1.436000E+01,-5.987122
1.437000E+01,-5.984181
1.438000E+01,-5.981241
1.439000E+01,-5.978300
1.440000E+01,-5.975359
1.441000E+01,-5.972419
1.442000E+01,-5.969479
1.443000E+01,-5.966539
1.444000E+01,-5.963599
1.445000E+01,-5.960660
1.446000E+01,-5.957720
1.447000E+01,-5.954781
1.448000E+01,-5.951843
1.449000E+01,-5.948904
1.450000E+01,-5.945967
1.451000E+01,-5.943029
1.452000E+01,-5.940092
1.453000E+01,-5.937155
1.454000E+01,-5.934219
1.455000E+01,-5.931284
1.456000E+01,-5.928348
1.457000E+01,-5.925414
1.458000E+01,-5.922480
1.459000E+01,-5.919546
1.460000E+01,-5.916614
1.461000E+01,-5.913681
1.462000E+01,-5.910750
1.463000E+01,-5.907819
1.464000E+01,-5.904889
1.465000E+01,-5.901960
1.466000E+01,-5.899031
1.467000E+01,-5.896103
1.468000E+01,-5.893176
1.469000E+01,-5.890250
1.470000E+01,-5.887325
1.471000E+01,-5.884400
1.472000E+01,-5.881477
1.473000E+01,-5.878554
1.474000E+01,-5.875632
1.475000E+01,-5.872712
1.476000E+01,-5.869792
1.477000E+01,-5.866874
1.478000E+01,-5.863956
1.479000E+01,-5.861039
1.480000E+01,-5.858124
1.481000E+01,-5.855210
1.482000E+01,-5.852296
1.483000E+01,-5.849384
1.484000E+01,-5.846474
1.485000E+01,-5.843564
1.486000E+01,-5.840656
1.487000E+01,-5.837749
1.488000E+01,-5.834843
1.489000E+01,-5.831938
1.490000E+01,-5.829035
1.491000E+01,-5.826133
1.492000E+01,-5.823233
1.493000E+01,-5.820334
1.494000E+01,-5.817436
1.495000E+01,-5.814540
1.496000E+01,-5.811646
1.497000E+01,-5.808752
1.498000E+01,-5.805861
1.499000E+01,-5.802971
1.500000E+01,-5.800082
1.501000E+01,-5.797195
1.502000E+01,-5.794310
1.503000E+01,-5.791426
1.504000E+01,-5.788544
1.505000E+01,-5.785664
1.506000E+01,-5.782785
1.507000E+01,-5.779908
1.508000E+01,-5.777033
1.509000E+01,-5.774160
1.510000E+01,-5.771288
1.511000E+01,-5.768419
1.512000E+01,-5.765551
1.513000E+01,-5.762685
1.514000E+01,-5.759821
1.515000E+01,-5.756958
1.516000E+01,-5.754098
1.517000E+01,-5.751240
1.518000E+01,-5.748383
1.519000E+01,-5.745529
1.520000E+01,-5.742677
1.521000E+01,-5.739827
1.522000E+01,-5.736978
1.523000E+01,-5.734132
1.524000E+01,-5.731288
1.525000E+01,-5.728447
1.526000E+01,-5.725607
1.527000E+01,-5.722770
1.528000E+01,-5.719934
1.529000E+01,-5.717101
1.530000E+01,-5.714270
1.531000E+01,-5.711442
1.532000E+01,-5.708616
1.533000E+01,-5.705792
1.534000E+01,-5.702971
1.535000E+01,-5.700152
1.536000E+01,-5.697335
1.537000E+01,-5.694520
1.538000E+01,-5.691708
1.539000E+01,-5.688899
1.540000E+01,-5.686092
1.541000E+01,-5.683288
1.542000E+01,-5.680486
1.543000E+01,-5.677687
1.544000E+01,-5.674890
1.545000E+01,-5.672096
1.546000E+01,-5.669304
1.547000E+01,-5.666515
1.548000E+01,-5.663729
1.549000E+01,-5.660945
1.550000E+01,-5.658164
1.551000E+01,-5.655386
1.552000E+01,-5.652611
1.553000E+01,-5.649838
1.554000E+01,-5.647068
1.555000E+01,-5.644301
1.556000E+01,-5.641537
1.557000E+01,-5.638776
1.558000E+01,-5.636017
1.559000E+01,-5.633262
1.560000E+01,-5.630509
1.561000E+01,-5.627760
1.562000E+01,-5.625013
1.563000E+01,-5.622269
1.564000E+01,-5.619529
1.565000E+01,-5.616791
1.566000E+01,-5.614057
1.567000E+01,-5.611325
1.568000E+01,-5.608597
1.569000E+01,-5.605872
1.570000E+01,-5.603149
1.571000E+01,-5.600431
1.572000E+01,-5.597715
1.573000E+01,-5.595002
1.574000E+01,-5.592293
1.575000E+01,-5.589587
1.576000E+01,-5.586884
1.577000E+01,-5.584185
1.578000E+01,-5.581489
1.579000E+01,-5.578796
1.580000E+01,-5.576107
1.581000E+01,-5.573421
1.582000E+01,-5.570738
1.583000E+01,-5.568059
1.584000E+01,-5.565384
1.585000E+01,-5.562712
1.586000E+01,-5.560043
1.587000E+01,-5.557378
1.588000E+01,-5.554716
1.589000E+01,-5.552058
1.590000E+01,-5.549404
1.591000E+01,-5.546753
1.592000E+01,-5.544106
1.593000E+01,-5.541462
1.594000E+01,-5.538822
1.595000E+01,-5.536186
1.596000E+01,-5.533554
1.597000E+01,-5.530925
1.598000E+01,-5.528300
1.599000E+01,-5.525679
1.600000E+01,-5.523062
1.601000E+01,-5.520448
1.602000E+01,-5.517839
1.603000E+01,-5.515233
1.604000E+01,-5.512631
1.605000E+01,-5.510033
1.606000E+01,-5.507439
1.607000E+01,-5.504849
1.608000E+01,-5.502263
1.609000E+01,-5.499681
1.610000E+01,-5.497103
1.611000E+01,-5.494529
1.612000E+01,-5.491959
1.613000E+01,-5.489394
1.614000E+01,-5.486832
1.615000E+01,-5.484275
1.616000E+01,-5.481721
1.617000E+01,-5.479172
1.618000E+01,-5.476627
1.619000E+01,-5.474086
1.620000E+01,-5.471550
1.621000E+01,-5.469018
1.622000E+01,-5.466490
1.623000E+01,-5.463966
1.624000E+01,-5.461447
1.625000E+01,-5.458932
1.626000E+01,-5.456422
1.627000E+01,-5.453916
1.628000E+01,-5.451414
1.629000E+01,-5.448917
1.630000E+01,-5.446424
1.631000E+01,-5.443936
1.632000E+01,-5.441452
1.633000E+01,-5.438973
1.634000E+01,-5.436498
1.635000E+01,-5.434028
1.636000E+01,-5.431563
1.637000E+01,-5.429102
1.638000E+01,-5.426646
1.639000E+01,-5.424194
1.640000E+01,-5.421748
1.641000E+01,-5.419306
1.642000E+01,-5.416868
1.643000E+01,-5.414436
1.644000E+01,-5.412008
1.645000E+01,-5.409585
1.646000E+01,-5.407167
1.647000E+01,-5.404754
1.648000E+01,-5.402345
1.649000E+01,-5.399942
1.650000E+01,-5.397543
1.651000E+01,-5.395149
1.652000E+01,-5.392761
1.653000E+01,-5.390377
1.654000E+01,-5.387998
1.655000E+01,-5.385625
1.656000E+01,-5.383256
1.657000E+01,-5.380893
1.658000E+01,-5.378534
1.659000E+01,-5.376181
1.660000E+01,-5.373833
1.661000E+01,-5.371490
1.662000E+01,-5.369152
1.663000E+01,-5.366820
1.664000E+01,-5.364492
1.665000E+01,-5.362170
1.666000E+01,-5.359854
1.667000E+01,-5.357542
1.668000E+01,-5.355236
1.669000E+01,-5.352935
1.670000E+01,-5.350640
1.671000E+01,-5.348350
1.672000E+01,-5.346065
1.673000E+01,-5.343786
1.674000E+01,-5.341513
1.675000E+01,-5.339244
1.676000E+01,-5.336982
1.677000E+01,-5.334725
1.678000E+01,-5.332473
1.679000E+01,-5.330227
1.680000E+01,-5.327987
1.681000E+01,-5.325753
1.682000E+01,-5.323523
1.683000E+01,-5.321300
1.684000E+01,-5.319083
1.685000E+01,-5.316871
1.686000E+01,-5.314665
1.687000E+01,-5.312464
1.688000E+01,-5.310270
1.689000E+01,-5.308081
1.690000E+01,-5.305898
1.691000E+01,-5.303721
1.692000E+01,-5.301550
1.693000E+01,-5.299385
1.694000E+01,-5.297226
1.695000E+01,-5.295073
1.696000E+01,-5.292926
1.697000E+01,-5.290784
1.698000E+01,-5.288649
1.699000E+01,-5.286520
1.700000E+01,-5.284397
1.701000E+01,-5.282281
1.702000E+01,-5.280170
1.703000E+01,-5.278065
1.704000E+01,-5.275967
1.705000E+01,-5.273875
1.706000E+01,-5.271789
1.707000E+01,-5.269709
1.708000E+01,-5.267636
1.709000E+01,-5.265569
1.710000E+01,-5.263509
1.711000E+01,-5.261454
1.712000E+01,-5.259407
1.713000E+01,-5.257365
1.714000E+01,-5.255330
1.715000E+01,-5.253302
1.716000E+01,-5.251280
1.717000E+01,-5.249264
1.718000E+01,-5.247256
1.719000E+01,-5.245253
1.720000E+01,-5.243258
1.721000E+01,-5.241269
1.722000E+01,-5.239286
1.723000E+01,-5.237310
1.724000E+01,-5.235341
1.725000E+01,-5.233379
1.726000E+01,-5.231424
1.727000E+01,-5.229475
1.728000E+01,-5.227533
1.729000E+01,-5.225598
1.730000E+01,-5.223670
1.731000E+01,-5.221749
1.732000E+01,-5.219835
1.733000E+01,-5.217927
1.734000E+01,-5.216027
1.735000E+01,-5.214133
1.736000E+01,-5.212247
1.737000E+01,-5.210368
1.738000E+01,-5.208496
1.739000E+01,-5.206631
1.740000E+01,-5.204773
1.741000E+01,-5.202922
1.742000E+01,-5.201078
1.743000E+01,-5.199242
1.744000E+01,-5.197413
1.745000E+01,-5.195591
1.746000E+01,-5.193777
1.747000E+01,-5.191970
1.748000E+01,-5.190171
1.749000E+01,-5.188378
1.750000E+01,-5.186593
1.751000E+01,-5.184816
1.752000E+01,-5.183046
1.753000E+01,-5.181284
1.754000E+01,-5.179529
1.755000E+01,-5.177782
1.756000E+01,-5.176042
1.757000E+01,-5.174310
1.758000E+01,-5.172586
1.759000E+01,-5.170870
1.760000E+01,-5.169161
1.761000E+01,-5.167460
1.762000E+01,-5.165766
1.763000E+01,-5.164081
1.764000E+01,-5.162403
1.765000E+01,-5.160734
1.766000E+01,-5.159072
1.767000E+01,-5.157418
1.768000E+01,-5.155772
1.769000E+01,-5.154134
1.770000E+01,-5.152505
1.771000E+01,-5.150883
1.772000E+01,-5.149269
1.773000E+01,-5.147664
1.774000E+01,-5.146066
1.775000E+01,-5.144477
1.776000E+01,-5.142897
1.777000E+01,-5.141324
1.778000E+01,-5.139760
1.779000E+01,-5.138204
1.780000E+01,-5.136656
1.781000E+01,-5.135117
1.782000E+01,-5.133587
1.783000E+01,-5.132064
1.784000E+01,-5.130551
1.785000E+01,-5.129046
1.786000E+01,-5.127549
1.787000E+01,-5.126061
1.788000E+01,-5.124582
1.789000E+01,-5.123111
1.790000E+01,-5.121649
1.791000E+01,-5.120196
1.792000E+01,-5.118751
1.793000E+01,-5.117316
1.794000E+01,-5.115889
1.795000E+01,-5.114471
1.796000E+01,-5.113062
1.797000E+01,-5.111662
1.798000E+01,-5.110272
1.799000E+01,-5.108890
1.800000E+01,-5.107517
1.801000E+01,-5.106153
1.802000E+01,-5.104799
1.803000E+01,-5.103453
1.804000E+01,-5.102117
1.805000E+01,-5.100791
1.806000E+01,-5.099473
1.807000E+01,-5.098165
1.808000E+01,-5.096866
1.809000E+01,-5.095576
1.810000E+01,-5.094297
1.811000E+01,-5.093026
1.812000E+01,-5.091765
1.813000E+01,-5.090514
1.814000E+01,-5.089272
1.815000E+01,-5.088040
1.816000E+01,-5.086818
1.817000E+01,-5.085605
1.818000E+01,-5.084402
1.819000E+01,-5.083209
1.820000E+01,-5.082026
1.821000E+01,-5.080853
1.822000E+01,-5.079690
1.823000E+01,-5.078536
1.824000E+01,-5.077393
1.825000E+01,-5.076260
1.826000E+01,-5.075137
1.827000E+01,-5.074024
1.828000E+01,-5.072921
1.829000E+01,-5.071829
1.830000E+01,-5.070747
1.831000E+01,-5.069675
1.832000E+01,-5.068614
1.833000E+01,-5.067563
1.834000E+01,-5.066522
1.835000E+01,-5.065492
1.836000E+01,-5.064473
1.837000E+01,-5.063464
1.838000E+01,-5.062466
1.839000E+01,-5.061479
1.840000E+01,-5.060502
1.841000E+01,-5.059536
1.842000E+01,-5.058581
1.843000E+01,-5.057637
1.844000E+01,-5.056704
1.845000E+01,-5.055782
1.846000E+01,-5.054870
1.847000E+01,-5.053970
1.848000E+01,-5.053081
1.849000E+01,-5.052204
1.850000E+01,-5.051338
1.851000E+01,-5.050482
1.852000E+01,-5.049639
1.853000E+01,-5.048806
1.854000E+01,-5.047985
1.855000E+01,-5.047176
1.856000E+01,-5.046378
1.857000E+01,-5.045592
1.858000E+01,-5.044817
1.859000E+01,-5.044054
1.860000E+01,-5.043303
1.861000E+01,-5.042564
1.862000E+01,-5.041837
1.863000E+01,-5.041122
1.864000E+01,-5.040418
1.865000E+01,-5.039727
1.866000E+01,-5.039048
1.867000E+01,-5.038380
1.868000E+01,-5.037726
1.869000E+01,-5.037083
1.870000E+01,-5.036453
1.871000E+01,-5.035835
1.872000E+01,-5.035230
1.873000E+01,-5.034637
1.874000E+01,-5.034057
1.875000E+01,-5.033489
1.876000E+01,-5.032934
1.877000E+01,-5.032392
1.878000E+01,-5.031863
1.879000E+01,-5.031347
1.880000E+01,-5.030843
1.881000E+01,-5.030353
1.882000E+01,-5.029875
1.883000E+01,-5.029411
1.884000E+01,-5.028960
1.885000E+01,-5.028523
1.886000E+01,-5.028098
1.887000E+01,-5.027687
1.888000E+01,-5.027290
1.889000E+01,-5.026906
1.890000E+01,-5.026536
1.891000E+01,-5.026179
1.892000E+01,-5.025837
1.893000E+01,-5.025508
1.894000E+01,-5.025192
1.895000E+01,-5.024891
1.896000E+01,-5.024604
1.897000E+01,-5.024331
1.898000E+01,-5.024073
1.899000E+01,-5.023828
1.900000E+01,-5.023598
1.901000E+01,-5.023382
1.902000E+01,-5.023181
1.903000E+01,-5.022994
1.904000E+01,-5.022822
1.905000E+01,-5.022665
1.906000E+01,-5.022523
1.907000E+01,-5.022395
1.908000E+01,-5.022282
1.909000E+01,-5.022185
1.910000E+01,-5.022102
1.911000E+01,-5.022035
1.912000E+01,-5.021983
1.913000E+01,-5.021946
1.914000E+01,-5.021925
1.915000E+01,-5.021919
1.916000E+01,-5.021929
1.917000E+01,-5.021955
1.918000E+01,-5.021996
1.919000E+01,-5.022054
1.920000E+01,-5.022127
1.921000E+01,-5.022216
1.922000E+01,-5.022322
1.923000E+01,-5.022444
1.924000E+01,-5.022582
1.925000E+01,-5.022736
1.926000E+01,-5.022907
1.927000E+01,-5.023095
1.928000E+01,-5.023299
1.929000E+01,-5.023521
1.930000E+01,-5.023759
1.931000E+01,-5.024014
1.932000E+01,-5.024286
1.933000E+01,-5.024576
1.934000E+01,-5.024882
1.935000E+01,-5.025207
1.936000E+01,-5.025548
1.937000E+01,-5.025907
1.938000E+01,-5.026285
1.939000E+01,-5.026679
1.940000E+01,-5.027092
1.941000E+01,-5.027523
1.942000E+01,-5.027972
1.943000E+01,-5.028439
1.944000E+01,-5.028924
1.945000E+01,-5.029429
1.946000E+01,-5.029951
1.947000E+01,-5.030493
1.948000E+01,-5.031053
1.949000E+01,-5.031632
1.950000E+01,-5.032230
1.951000E+01,-5.032847
1.952000E+01,-5.033484
1.953000E+01,-5.034140
1.954000E+01,-5.034816
1.955000E+01,-5.035511
1.956000E+01,-5.036226
1.957000E+01,-5.036961
1.958000E+01,-5.037716
1.959000E+01,-5.038491
1.960000E+01,-5.039287
1.961000E+01,-5.040103
1.962000E+01,-5.040939
1.963000E+01,-5.041796
1.964000E+01,-5.042674
1.965000E+01,-5.043573
1.966000E+01,-5.044493
1.967000E+01,-5.045435
1.968000E+01,-5.046398
1.969000E+01,-5.047382
1.970000E+01,-5.048388
1.971000E+01,-5.049416
1.972000E+01,-5.050466
1.973000E+01,-5.051537
1.974000E+01,-5.052632
1.975000E+01,-5.053748
1.976000E+01,-5.054887
1.977000E+01,-5.056049
1.978000E+01,-5.057234
1.979000E+01,-5.058442
1.980000E+01,-5.059673
1.981000E+01,-5.060928
1.982000E+01,-5.062206
1.983000E+01,-5.063508
1.984000E+01,-5.064833
1.985000E+01,-5.066183
1.986000E+01,-5.067557
1.987000E+01,-5.068955
1.988000E+01,-5.070378
1.989000E+01,-5.071825
1.990000E+01,-5.073298
1.991000E+01,-5.074795
1.992000E+01,-5.076318
1.993000E+01,-5.077867
1.994000E+01,-5.079441
1.995000E+01,-5.081040
1.996000E+01,-5.082666
1.997000E+01,-5.084318
1.998000E+01,-5.085997
1.999000E+01,-5.087702
2.000000E+01,-5.089434


